code,name,categories,price,market_cap_yi,ttm_revenue_yi,ttm_net_yi,ttm_deduct_yi,pe_ttm_net,pe_ttm_deduct,q1_revenue_yi,q1_net_yi,q1_deduct_yi,q1_rev_yoy,q1_net_yoy,q1_deduct_yoy,q1_gross_margin,q1_net_margin,q1_roe,rev_positive_quarters,deduct_positive_quarters,s5_operating_score,pe_to_growth,basic_gate
301308,江波龙,存储芯片封装设备材料,396.0,1675.32,284.1843947837,54.373492355699995,54.3385966254,30.811337058146044,30.831123805963173,99.08726244409999,38.6223656117,39.4263946907,132.7928324203,2644.0496580336,2051.4000905314,55.52742848844,40.160210661234,38.5479658728,4,4,93.2,0.31,True
688525,佰维存储,存储芯片封装设备材料,252.86,1192.4,165.7339783384,39.4950720504,38.1733977279,30.19110836102206,31.23641255356487,68.1425187063,28.9897448665,28.1647048665,341.5280090886,1567.8538876601,1405.5794928467,53.304851340991,42.222412744101,41.5554044602,4,3,93.2,0.31,True
688498,源杰科技,光互联,1656.0,2061.73,8.7231176668,3.5604583623000003,3.3119112609999997,579.0630840766678,622.5196986037242,3.5527848649,1.7944196861000001,1.7793967639,320.9399426311,1153.0720107745,1173.6432556932,77.807861627383,50.507411913063,7.3889815068,4,4,92.8,6.23,True
603986,兆易创新,存储芯片封装设备材料,463.15,3250.13,114.8247640801,28.746409173599996,26.554042420100004,113.06212126782222,122.39680680557413,41.8807557404,14.612483530799999,14.100642842000001,119.3786758368,522.7881381915,529.896244409,57.076718432617,35.159710736536,6.5998754464,4,4,91.4,1.22,True
688256,寒武纪,算力服务器网络,1190.58,7480.33,82.7049401874,27.1697687957,24.282684609,275.31813230533885,308.05201815401955,28.846967468600003,10.1321358194,9.3429710717,159.5554734937,185.0387224854,238.5590716564,54.330376246514,35.120676513495,8.2016729381,4,4,89.0,3.08,True
300308,中际旭创,光互联,979.46,10923.28,510.6215723739,149.4887969861,148.594163001,73.07089374072417,73.51082828150182,194.9639808395,57.3450152683,57.1774834078,192.1169094233,262.2836571329,264.5627377074,46.058133025773,32.399789950022,17.5495152336,4,4,87.8,0.74,True
688111,金山办公,AI软件工业智能,223.5,1037.07,62.404989558400004,36.288251267,35.837243205899995,28.578671161900164,28.938330832022928,16.1322359344,21.9516393716,21.710419986999998,23.954024903,444.9659523722,456.9089393116,86.593651225444,136.073136178171,15.6891741646,4,4,86.2,0.29,True
300502,新易盛,光互联,482.88,6732.59,291.2750034259,107.39619901180001,107.0651429395,62.689276361263644,62.883117839803646,83.37902040739999,27.8022296023,27.6797524813,105.759481459,76.7998324281,76.4424101065,49.160955149051,33.272113893698,14.5175286257,4,4,85.8,0.82,True
688072,拓荆科技,存储芯片封装设备材料,699.08,2032.08,69.2282396053,16.4425820891,10.0550717533,123.5864287609117,202.09502725160428,11.124317789600001,5.706022985900001,1.0211428297,56.9673418563,488.29176657,156.6527295801,41.689075316921,50.544827408263,8.2354774864,4,3,82.5,2.02,True
300033,同花顺,AI软件工业智能,215.56,1622.39,63.342935050200005,33.4062683084,31.889551962,48.56543643313941,50.8752836017659,10.5349472758,2.5593841837,2.5047982797999997,40.8063039587,112.5847546388,122.5804241507,84.988113237805,24.292706836596,3.1057992545,4,4,82.3,0.51,True
300394,天孚通信,光互联,211.37,2305.68,55.4907137175,21.718582152699998,21.373967986900002,106.1616261959054,107.87327843913398,13.3027017536,4.9221887805,4.9319241772,40.8242783073,45.7879020314,48.4408145914,56.60393372318,37.005251316469,8.5708714191,4,4,81.2,2.23,True
603259,药明康德,AI医药影像,117.89,3517.55,482.3734703819,201.3013943798,151.8691475724,17.474046868067674,23.161715570459048,124.35776568290001,46.515179877600005,42.7562442982,28.8068135055,26.6766735949,83.5609706617,50.402592516117,37.557075391973,5.674865115,4,4,80.6,0.28,True
688222,成都先导,AI医药影像,29.7,119.0,5.793714972999999,1.2272125346,1.3486070512000001,96.96771883020823,88.23919457792614,1.6053611143000002,0.41500202490000004,0.3963358107,50.4043018919,46.7247422448,126.4046540067,56.341904612184,25.864812109957,2.7310465606,4,3,79.3,0.88,True
688041,海光信息,算力服务器网络,304.88,7086.44,160.1033284831,27.2609104704,24.593911227799996,259.94876464945963,288.1379840059667,40.3359218634,6.870943367100001,5.9688334155,68.0559205815,35.817794137,34.9922727795,55.603983334892,21.751363587802,2.9879772631,4,4,78.2,8.23,True
688200,华峰测控,存储芯片封装设备材料,372.91,747.96,14.2056633815,5.6837218619000005,5.1361591274,131.5968687725275,145.62632921745717,2.7180757237,0.9420734456000001,0.7242149308,37.5183467314,52.116039848,42.4439490727,75.303114639271,34.443746590164,2.2789460811,4,4,77.5,3.43,True
300442,润泽科技,供电液冷数据中心,64.36,1056.17,63.1525053251,52.019971078199994,20.5445098592,20.303163921646412,51.40886822018966,18.3957785419,5.8222978078,5.8215489733000005,53.5531800545,35.3483439884,35.9157973227,46.798813845749,31.840116902141,4.1673018049,4,2,76.6,1.43,False
001389,广合科技,PCB_CCL_连接,176.07,832.3,62.823594663,11.679705365700002,11.4605007421,71.26035922483372,72.62335378964349,19.1397277301,3.9255347097000004,3.9076148437000002,71.3517482485,63.3108327851,67.8823438461,36.932769862673,20.50987749176,7.0181627092,4,4,76.2,1.07,True
688615,合合信息,AI软件工业智能,95.7,187.57,19.18369685,4.9324702278,4.2873569293000005,38.027599019824336,43.74956484684952,5.0372538248000005,1.5524816762,1.3151519367,27.5266277496,33.669022897,25.3977850518,87.582761247398,30.707007865767,5.1626763933,4,3,74.5,1.72,True
688183,生益电子,PCB_CCL_连接,113.49,950.58,103.2488411032,17.176842077699998,17.106992053899997,55.340789401219425,55.566752881216765,24.105683794,4.4471818546,4.4112446368,52.6209292216,122.155999892,122.8276675357,35.205505590397,18.448685764753,7.4894011912,4,4,74.4,0.56,True
002463,沪电股份,PCB_CCL_连接,127.8,2459.34,211.21749664,43.01922239,41.78016074,57.16839736674748,58.8638233180718,62.14156406,12.42081367,11.62681935,53.9061409765,62.9033090551,56.0157344561,35.632417923406,19.97760699749,7.7867155335,4,4,74.3,1.05,True
603893,瑞芯微,存储芯片封装设备材料,202.0,854.35,47.225818999,11.5966733648,11.2087151625,73.6719896408615,76.22193869805191,12.054536473499999,3.2919465846,3.1990058429,36.2152026238,57.1489056353,53.8367040783,43.042024544918,27.308777835107,7.2332370719,4,4,74.2,1.42,True
688012,中微公司,存储芯片封装设备材料,350.69,3359.06,131.2634640122,27.2887785188,17.2905314555,123.09308742734123,194.27164564866547,29.1498651873,9.304873191699999,4.7755874617,34.1285376976,197.2019978207,60.0923774229,39.892564840287,31.507518069763,3.9591911874,4,4,73.8,3.23,True
688008,澜起科技,存储芯片封装设备材料,183.6,2240.91,56.9482562613,25.576192145,21.2286153879,87.61703021683331,105.56081774778801,14.6071831643,8.4737529229,6.0383535311,19.514563386,61.3046403399,20.1417211272,69.788220952239,56.802557405308,5.0185959632,4,4,73.0,5.24,True
688019,安集科技,存储芯片封装设备材料,239.06,543.84,26.828626768499998,8.2249049129,7.3156198616,66.12112915093249,74.3395652437655,7.2392840113,2.076680288,1.9673388772,32.7617986592,23.0072276213,21.6468951709,55.464164707899,28.686859195721,5.1152447025,4,4,72.3,3.43,True
688629,华丰科技,PCB_CCL_连接,141.66,663.33,27.5542696048,4.3187315882,4.0496401332,153.59370835001783,163.79973977486264,6.33223075,1.0511263587000002,0.9749896098999999,56.1486203819,230.4282832016,322.9497458619,30.341092824199,16.3645454787,5.6078510356,4,4,70.1,1.64,True
300620,光库科技,光互联,238.9,595.29,16.3521024624,2.1056453067,1.7033884446,282.71143202790773,349.47401568160194,4.2646540222,0.44736399479999994,0.3580656083,60.7961025465,312.5155141461,561.0453930745,36.633060167776,9.914766335063,2.0450688382,4,4,69.4,3.49,True
600183,生益科技,PCB_CCL_连接,132.29,3213.33,309.6122342137,39.2844643942,36.981835859600004,81.79645693411616,86.88941274303616,81.41455910399999,11.5813932456,10.8282171586,45.0885351399,105.4723584166,93.5148821052,28.101320429648,16.364488003038,6.6845429125,4,4,68.5,0.93,True
688188,柏楚电子,AI软件工业智能,90.3,366.22,22.4786616094,11.7353823457,10.7704210613,31.20648217603135,34.002384671467695,5.4807557922,3.1644907819999997,2.9107532972000003,10.5343791644,23.8749692917,20.8897982575,74.514578741351,58.287624547082,5.0791940845,4,4,68.1,1.63,True
300476,胜宏科技,PCB_CCL_连接,241.5,2373.43,204.9945766202,46.797684813900005,46.3713875049,50.716825189929814,51.1830705895786,55.1948506685,12.8842759246,12.572239431400002,27.9927826495,39.9479988532,36.070116173,34.4584933385,23.343257149082,7.5741333268,4,4,67.5,1.42,True
688017,绿的谐波,机器人具身,326.1,597.84,6.1282193999,1.3675262886,1.0630761815,437.1689268306765,562.367975507125,1.401344563,0.3263414752,0.23426565789999998,42.9556261555,61.1687618543,41.5724026746,33.618009884126,23.540998838556,0.9185397908,4,4,64.6,13.53,True
688686,奥普特,AI软件工业智能,123.5,150.96,13.5874797173,1.921984201,1.5637268267000002,78.54382981996218,96.53860087479433,3.5743577604000003,0.6387673008,0.5684084757,33.5070571864,10.4032495028,4.3151357842,57.727101264455,18.671984265093,2.0634848091,4,3,64.5,22.37,False
002916,深南电路,PCB_CCL_连接,334.0,2275.1,254.5966844511,36.3452076579,34.7777464291,62.596973483118454,65.41826983062734,65.9558790238,8.5023079658,8.4944671547,37.8994473036,73.0051768665,75.0355372397,29.169011205594,12.906989779377,4.8253908448,4,4,64.3,0.87,True
603039,泛微网络,AI软件工业智能,29.02,89.28,22.910748676599997,3.2470693291000003,2.941017393,27.49556321445899,30.35684189168615,3.3275861926,0.6213076258,0.49863193450000004,1.2867201084,137.9065330435,109.454347498,93.716912635803,18.671420959183,2.449182356,2,3,63.8,0.3,False
688018,乐鑫科技,存储芯片封装设备材料,103.88,243.48,26.553969944400002,5.397779441799999,4.905605055,45.10743772050209,49.63302126245057,6.4797143184,1.3564215634999999,1.2458771754,16.1551642483,44.7554460769,39.881520923,48.508669880313,20.995590880246,3.0296775561,4,4,63.3,1.24,True
688120,华海清科,存储芯片封装设备材料,241.67,1195.62,49.3714618977,10.9761225427,9.7748863961,108.92917743481125,122.31548803237553,12.0141679491,2.4730487048,2.2483644806,31.6623552991,5.9496646514,5.9722886102,42.309240723414,20.584435936617,3.2584401602,4,4,63.1,20.48,True
300738,奥飞数据,供电液冷数据中心,20.38,200.78,26.8830561567,1.7332009917,1.8682744512,115.84346014195742,107.46815055520254,7.029110000399999,0.9272739431,0.958042725,31.1483258335,79.1917760748,75.4226088531,34.512978874451,13.684473916972,2.4101741518,3,4,62.9,1.42,True
002384,东山精密,PCB_CCL_连接,241.92,4431.02,446.6025507497,20.4009722577,16.2852422419,217.1965112264484,272.0880619509307,131.3763626336,11.098929423800001,10.5927840774,52.7234327423,143.4710316978,166.9893912169,19.327535799279,8.556737063236,5.0336595917,3,3,62.0,2.72,True
688400,凌云光,AI软件工业智能,47.74,227.12,28.9450295577,3.4613678072999994,1.6237729573,65.61567930487062,139.8717714683793,5.972860491900001,1.9977011095,0.46533076729999995,-2.7942575391,1233.1308976824,561.560444827,42.374220039666,33.202337720585,4.0100060309,3,3,62.0,1.4,False
688313,仕佳光子,光互联,117.99,533.3,22.695104999300003,3.9521001944,3.8593548531999997,134.94091084929198,138.18371730130283,5.7659298536,1.1617590284000001,1.0722300955,32.1832621359,24.6597510457,16.3128112225,34.131885618956,20.148684737721,7.2442959842,4,4,61.7,8.47,True
002415,海康威视,AI软件工业智能,33.15,3038.15,946.9137686982001,149.37859678659999,144.243702762,20.338589766914566,21.06261792941424,207.1544449055,27.8117117325,26.476472381,11.7828451381,36.419965368,37.4376616573,49.085471088774,15.744505348306,3.2832995937,2,4,61.4,0.56,False
688088,虹软科技,AI软件工业智能,31.9,127.97,9.4084006781,2.6282666847,2.2234878599,48.689884000339546,57.553721028976234,2.2712836389,0.5408364161,0.48380958979999994,8.5392269127,8.8991872962,20.0161880421,90.396273069371,23.811897921386,1.9632399601,4,4,61.2,2.88,True
603083,剑桥科技,光互联,176.13,648.6,52.1640279871,3.5038055109,3.4540990352999996,185.11301440170357,187.77689735339825,12.8655191415,1.1832899117,1.1692369709000001,43.9813087364,276.4405101293,285.8967119705,29.329155713028,7.551243038971,1.5764529565,4,3,61.0,1.88,True
600570,恒生电子,AI软件工业智能,20.06,379.87,56.6236593474,13.386188551400002,10.7588344932,28.377756561651832,35.30772782498816,9.0531887246,1.3877023383000002,0.7250294344,-11.7521332434,342.8712814371,625.4124013691,67.957175963675,18.251424271209,1.4002393404,0,3,60.6,0.35,False
688300,联瑞新材,存储芯片封装设备材料,141.0,340.47,11.707748004900001,3.0124355492,2.6917495168,113.02150517059766,126.48650919226573,2.9396087987,0.7163651987,0.6357223341,23.1561250144,13.6407582209,8.4626870291,40.020920947722,24.369405854847,4.0525243266,4,4,59.9,14.95,True
603486,科沃斯,机器人具身,53.39,308.91,200.8367675504,16.884083960599998,16.604343315,18.295928918670366,18.604168447958884,49.02247441350001,4.0477434855,3.9656635811000003,27.0593754754,-14.7268195299,11.4572711295,49.589634739052,8.257001929069,4.390219049,3,4,59.7,1.62,True
002371,北方华创,存储芯片封装设备材料,677.0,4912.92,414.69947119769995,55.7602476716,53.924567458,88.10793002453369,91.1072676443164,103.2286390882,16.347390486800002,16.2667817285,25.7960902419,3.4182016345,3.5985957729,40.772789504508,15.189160185967,4.2449584541,4,3,59.3,25.32,False
688668,鼎通科技,PCB_CCL_连接,243.46,339.07,16.6638494792,2.6795609019,2.4942593608,126.53938925574528,135.94015334926831,4.5740191007,0.8032743837999999,0.7663621142,20.7846460378,51.8583637734,55.8950523205,32.39243901,17.593365637167,3.9806168796,4,4,59.1,2.43,True
300866,安克创新,AI软件工业智能,110.6,644.7,321.2866781648,25.2096486482,22.8645863467,25.573541662431396,28.196442753185792,76.0764554567,4.7159418971,5.4675889689999995,26.9341196727,-4.8747290676,24.388224163,43.640113345838,6.190120473975,4.3467880432,4,3,58.0,1.16,True
300693,盛弘股份,供电液冷数据中心,33.52,104.85,36.0262712773,4.884042937699999,4.8207525185,21.467870233216274,21.749716376775254,7.4429647362,0.8518423869,0.8546586684,23.1295201985,16.8633055885,25.0073576136,40.579876848134,11.513368274233,3.8541668852,3,3,57.1,0.87,True
002315,焦点科技,AI软件工业智能,24.18,99.72,19.9034721392,4.895406479199999,4.7882532526,20.370116439502713,20.82596611736284,5.122637984,0.9793799970999999,0.9596311398999999,15.6223478275,-12.5344454107,-11.9611785576,77.529029052133,16.63417828332,3.4863740082,4,2,56.5,,False
300454,深信服,AI软件工业智能,107.48,463.84,84.07821192899999,5.7791377202,4.8518073391000005,80.2611085696618,95.60148777177977,16.2665287273,-0.6450300768,-0.8074900726,28.9094766813,74.1600188952,69.1143465792,60.326783411576,-3.965382458751,-0.6273006785,4,3,56.4,1.38,False
301162,国能日新,AI软件工业智能,35.76,66.76,7.2414032617999995,1.3625501813999998,1.2921883413,48.9963605827751,51.66429526274508,1.5182822572,0.2260944655,0.2091423316,4.6700584648,36.1403144452,39.4743177936,65.326573935544,14.943508614691,1.417080898,4,4,55.5,1.31,False
002439,启明星辰,AI软件工业智能,13.12,158.94,23.641538127600004,-5.2520434411000005,-3.9867058413,,,6.6738151730999995,0.4871267591,0.7005607470999999,4.1470609687,2949.9760244732,236.1076417779,58.204584368129,7.299074764064,0.4482589666,1,1,55.4,,False
002518,科士达,供电液冷数据中心,33.53,195.22,55.671227471099996,6.3847772574,6.038988572899999,30.575851299078398,32.32660529878315,12.402940801199998,1.3864293828999998,1.2995832476,31.4663261381,24.8438963132,26.0555258757,29.712449760652,11.403304203171,2.8286765274,4,4,55.0,1.24,True
601138,工业富联,算力服务器网络,57.59,11428.21,9935.50215,406.49643,395.34888,28.1139246413554,28.906645694810113,2510.78078,105.94857,102.49511,56.5177808658,102.5485133656,109.0534241627,7.350507916506,4.220407884435,6.1778271938,4,4,53.9,0.29,False
688475,萤石网络,AI软件工业智能,26.64,209.79,59.3372748694,6.1116912981,5.6418161117,34.32601382619234,37.18483478483771,14.128250678599999,1.8264844093000001,1.7820165653,2.359460096,32.3000073453,29.3920259957,50.472130714675,12.927887895326,3.1056861612,4,4,53.8,1.27,False
688271,联影医疗,AI医药影像,110.37,909.62,142.2986923102,18.9808787167,17.632025050899998,47.92296571600168,51.58908278397494,29.0756649456,3.9886928277999996,3.718616388,17.3376279997,7.7785596595,-1.754461164,47.161431255505,13.497317583424,1.8324597083,4,3,53.8,,False
603662,柯力传感,机器人具身,52.6,147.72,16.0054846148,3.0601630653,2.2277842274,48.27193742550397,66.30803745854728,3.5768924681,0.4111929894,0.5151748354,13.3435707728,-45.6484047789,20.7630547705,46.345955034555,15.417655135519,1.4843329853,4,4,53.7,3.19,True
688169,石头科技,机器人具身,99.17,257.11,194.93924377,14.19031723,11.09299159,18.11869289690291,23.17769718961808,42.2713756,3.23196897,2.58890033,23.3124235029,20.8269381579,7.0819290026,43.255166836823,7.645762017738,2.2837432121,4,2,53.4,3.27,False
002281,光迅科技,光互联,189.45,1567.82,124.7972138867,10.360660190900001,10.0191017827,151.32433369227294,156.48308940299992,27.7335284792,2.3993167146000003,2.2777742056,24.7949049751,59.7558885585,61.2257306789,26.832577655891,8.382567838216,2.3491477943,4,4,53.2,2.56,True
000988,华工科技,光互联,117.62,1182.67,152.6514462835,16.9935213081,12.509034997100002,69.59534628271997,94.54526270605055,42.6585570283,6.384619270700001,3.7274444279,27.1313315504,55.7587014575,20.511295583,19.811644928808,15.098800360798,5.6141686096,3,3,52.5,4.61,True
002236,大华股份,AI软件工业智能,16.02,523.74,333.900002187,39.0239940584,28.148448775299997,13.42097375312776,18.606353912460605,69.0234665363,6.9778008297000005,5.8877313813,10.3293393481,6.8078221327,16.9339923306,43.765401392167,10.31479923854,1.8318479624,4,4,51.8,1.1,True
301095,广立微,AI软件工业智能,77.57,155.36,7.7384968888,0.9168617726,0.45996699090000004,169.44757066208172,337.76336796693386,1.0535732712,-0.1071674753,-0.19513120890000002,58.4680269188,21.8608928091,10.7769455574,56.09919208816,-13.769574197224,-0.3387686916,4,2,51.4,31.34,False
688160,步科股份,机器人具身,107.01,97.61,7.806896976900001,0.7467185685,0.6137653712,130.71859214118365,159.03471355700364,1.890015943,0.1331360886,0.10237092869999999,43.2191989447,19.697315489,16.4318229177,32.863891587818,7.044178071253,1.0204438476,4,4,51.0,9.68,True
688202,美迪西,AI医药影像,72.69,97.66,12.6061564281,-1.3766603704999998,-1.5089769882,,,3.6464448063,0.15615353710000002,0.1087625405,36.5242815642,207.3454008884,156.1124380297,26.055049051025,4.282350217675,0.8023211391,4,4,50.2,,False
688097,博众精工,机器人具身,45.01,201.04,73.0932024301,6.5272035226,3.5325146043,30.80032655698763,56.911300453020466,14.8067297092,0.2847898164,-0.1587918096,100.8970389662,191.9331783377,56.4456179975,23.277423998349,1.508889120608,0.5945672304,4,3,49.5,1.01,False
603728,鸣志电器,机器人具身,49.54,207.51,28.670689632800002,0.677558385,0.5829918296,306.26143014966897,355.9398081828624,7.0040205146000005,0.1381714328,0.1091041292,17.6531500174,92.1905388262,96.1404338531,37.023150446156,1.954380310775,0.4644178261,4,2,48.2,3.7,False
603019,中科曙光,算力服务器网络,87.89,1285.93,155.7684154527,22.1766394604,18.947608999899998,57.985791864283016,67.86766604729847,31.994304928200002,2.2784391903,1.6412986091,23.7100491767,22.1861163162,53.2962116487,26.557524416825,5.999754755754,1.017411298,4,4,47.8,1.27,True
300759,康龙化成,AI医药影像,35.48,651.87,145.7468956792,16.9368292834,15.893575726300002,38.488313786034674,41.01468487807396,35.7842440286,3.3535923494,3.4343958432,15.4772406327,9.7468807222,17.4509926453,32.495836004824,8.674488724756,2.1277360305,4,4,47.7,2.35,True
000938,紫光股份,算力服务器网络,35.13,1004.75,1039.4342393167,21.2488439116,18.4596477926,47.28492543782558,54.429532528934736,279.8485596739,7.879086171900001,6.2048505924,34.6087720553,126.0558607701,51.640772755,12.882941241367,3.432915488039,5.2052195105,3,3,47.4,1.05,True
300580,贝斯特,机器人具身,20.35,102.22,15.402451593699999,2.8163908640999997,2.641281367,36.29467816522875,38.70091285128882,3.8589527161,0.7303045988,0.6853862887000001,10.3844384831,5.2333154746,4.8532333217,33.586797132614,18.924942919178,2.1988190598,4,3,47.4,7.97,False
300347,泰格医药,AI医药影像,49.02,422.07,70.7013093567,7.7146445601,3.7314403226999997,54.71023281914222,113.11181835935088,18.0147393503,0.4904312113,1.2039408164,15.1731796293,-70.3610961767,17.6540783185,26.638888558885,18.322976491719,0.2342307172,3,2,46.4,6.41,False
002747,埃斯顿,机器人具身,38.19,369.6,48.6043554145,1.3017891952,0.22471829370000013,283.91693629260504,1644.7259095577576,12.165549214,0.978366605,0.1935859241,-2.2164415756,674.6405502998,364.5288399704,30.393911360326,7.957014619496,3.7635846054,3,4,45.8,16.45,False
002922,伊戈尔,供电液冷数据中心,23.3,98.46,54.55628847770001,2.2692099104,2.083738399,43.38955138030584,47.25161279710141,12.755935966,0.6867390386,0.5226154686,17.7074494805,63.5293859304,89.818602044,19.822107687272,5.473758507891,1.8125499273,4,2,44.4,0.53,False
002475,立讯精密,PCB_CCL_连接,58.05,4484.52,3544.4524524089,172.1583858815,145.3554788984,26.048803705018376,30.852087819369867,838.8849196013,36.596434873,27.7610571616,35.7689406201,20.241619356,15.2191343194,11.9205204193,4.729655636217,4.2116002146,4,4,44.3,2.03,True
300496,中科创达,AI软件工业智能,56.15,259.25,80.57746077649999,4.5994872098,3.5402438419999998,56.364979001925086,73.2294190937823,17.4855210291,1.0238316168000001,0.9728877284999999,19.0422553489,10.597434159,11.1574278298,32.709919418366,5.149133184545,0.9869214961,4,4,43.7,6.56,True
002130,沃尔核材,PCB_CCL_连接,15.24,213.34,87.2367288141,11.2476597152,10.7353561374,18.967501275993794,19.872652315349168,20.3211934679,2.3128586864,2.2147575412,15.5199367094,-7.6291157116,-8.1995664266,30.461646263927,11.968165576209,2.9561636183,4,3,43.4,,False
688083,中望软件,AI软件工业智能,51.51,87.38,9.1509761499,0.30410702,-1.1117073804,287.33305794782376,,1.4723423040999999,-0.38304518270000004,-0.6957262056999999,17.3025260761,20.1486638861,6.0599250556,97.056192749519,-26.469825672654,-1.4391519668,3,2,43.3,,False
002156,通富微电,存储芯片封装设备材料,68.36,1037.43,293.1066478264,14.4637631274,9.080456101200003,71.72614698277958,114.24866641477418,74.8167467705,3.2905740055,1.7162305191999998,22.8027090806,224.5486692106,64.781869627,13.324737009724,4.681351951915,2.1125752364,4,3,43.1,1.76,True
300913,兆龙互连,PCB_CCL_连接,33.22,113.87,21.8428580034,2.4731966930000002,2.4136369404,46.04162714687893,47.177766504157375,5.084884526600001,0.48548763990000005,0.47625203509999997,13.4680597679,48.9575058451,50.0996524748,21.070006299954,9.547663026767,1.8456528745,4,4,42.9,0.94,True
002410,广联达,AI软件工业智能,8.51,140.58,60.284342798000004,4.0947614792,3.5227606238,34.33167004087998,39.906202837125065,11.590115087300001,0.3419907293,0.2358715947,-5.6103314439,14.6198102083,24.0780663784,89.732764126905,4.004994633322,0.5640919758,1,4,42.9,1.66,False
688347,华虹宏力,存储芯片封装设备材料,309.0,5369.57,180.0428345925,4.9341066028,3.4553896422999997,1088.2557739941988,1553.9694667909785,46.2537263773,1.39562597,1.3270493232,18.2191831331,513.1019384411,724.006553414,17.625466293027,-2.750698403674,0.3087382156,4,3,42.0,15.54,False
002050,三花智控,机器人具身,39.75,1672.69,311.15849444739996,40.8709705003,40.9072108495,40.926114049279114,40.88985695343355,77.7355541929,9.2762185377,9.8570956079,1.3573975694,2.6793450799,15.5166179676,27.79668818155,12.232082348065,2.881851108,3,4,41.4,2.64,False
600845,宝信软件,AI软件工业智能,18.65,533.0,110.7745159755,12.4163984005,11.675747946900001,42.927101950798914,45.65018039306985,26.4394272449,3.8126590925999997,3.7706355225,4.1723208898,-14.2523323489,-10.5888984642,30.767956612862,14.576081567135,3.3944409564,2,0,41.2,,False
300124,汇川技术,AI软件工业智能,59.12,1600.74,462.7015584804,47.4062819612,47.6240255585,33.766410985576485,33.61202630873143,101.43223378120001,10.1345115158,10.4568747008,12.9797628104,-23.3873628911,-15.2459327203,29.077055136753,10.08391318204,2.8255347999,4,3,40.8,,False
300570,太辰光,光互联,158.08,359.04,15.169672909600001,2.8537287424,2.6443417724000002,125.81434060829677,135.7767001782587,3.4076451164,0.6577884371,0.616056704,-8.0395652687,-17.1233600773,-21.2307143413,37.795513009895,19.776411139666,3.7842545767,1,2,40.1,,False
300990,同飞股份,供电液冷数据中心,92.74,158.79,29.925116939000002,2.5077076912000003,2.4664176419,63.32077720111592,64.3808239539174,6.9864860886,0.5977443793,0.5913949696,21.7963614518,-3.4445542681,-2.0009882663,22.787328448242,8.555722744161,2.8268674536,4,2,40.0,,False
300244,迪安诊断,AI医药影像,18.26,114.12,99.77866303370001,1.2943254734,1.0012468612999998,88.16947695560977,113.97788538565679,22.469603552600002,0.6437431759000001,0.6197953123,-4.9961544044,406.4631472564,335.61185292,29.473249257812,4.638087523264,0.9927215287,0,2,39.6,1.14,False
300757,罗博特科,光互联,413.0,692.22,10.1683755207,-0.7908824361999999,-1.1455493523,,,1.6370618681,-0.38817952079999996,-0.40095590670000003,69.3255953076,-48.3295016557,-52.7129893583,36.311393935888,-23.634757661851,-2.3532678146,2,1,39.2,,False
002335,科华数据,供电液冷数据中心,29.75,224.44,83.7400172479,4.2705250045,3.8858218104000004,52.55559908055797,57.75869583090752,14.300624076099998,0.7800880049,0.6475939994,17.5725706896,13.1475220155,5.8485073068,27.853659538237,5.685393929478,1.2098997703,3,4,38.7,9.88,True
300499,高澜股份,供电液冷数据中心,28.63,87.39,9.8307529263,0.3053297682,0.6056672857000001,286.2151322983908,144.2871392649167,2.1195183483,0.1514076255,0.142431292,-2.7745542782,16.5492387408,50.5899481894,30.68201182696,8.174883654061,1.0933378187,3,4,38.5,2.85,False
002409,雅克科技,存储芯片封装设备材料,145.0,690.1,84.6638854091,10.067348422,9.4423807159,68.54833776209995,73.08538182938784,19.7276076504,2.6668796067,2.4438562422,-6.8503997212,2.4660212202,-3.8124647556,31.245749183759,15.153153874385,3.3401089858,3,2,38.4,,False
002472,双环传动,机器人具身,37.8,321.3,91.4289450674,12.6960171446,11.934898287200001,25.307149190221327,26.921050541720113,20.954729559300002,2.8409046964999995,2.5806328619,1.4879662829,2.9288408311,-4.041940803,27.548045139232,14.322725367591,2.7957569463,2,3,37.7,,False
688621,阳光诺和,AI医药影像,57.58,64.49,11.8850410248,1.9491977016,1.9074713731,33.085407368920734,33.809157458123,1.9709516674,0.2063102834,0.19354247489999998,-14.618151577,-30.2500928996,-4.2095618994,49.343718640394,9.352701968748,1.6697203063,2,2,37.0,,False
300687,赛意信息,AI软件工业智能,21.7,88.63,20.6683097701,-1.0013249817999998,-1.2065037981000002,,,4.833388655899999,0.315682976,0.3106550472,-1.307534863,28.7433360556,33.8102353431,32.367407150061,6.097229744607,1.1853050114,0,1,36.9,,False
688981,中芯国际,存储芯片封装设备材料,139.88,11974.86,686.39325,50.45569,41.86568,237.33418371644507,286.03046696004935,176.17218,13.61209,12.32279,8.0738981485,0.3564651048,5.3231714926,21.47585958237,9.047955244693,0.9055709797,4,4,36.7,53.73,True
688676,金盘科技,供电液冷数据中心,62.61,287.87,74.75091887,6.647223435799999,6.1090934278999995,43.30680362715302,47.12155795249563,15.227836943900002,1.1242559940999999,1.0000610609,13.4138781643,4.8335258719,1.3452091612,25.740662574997,7.332320230466,2.1231294154,3,3,36.3,35.03,False
301230,泓博医药,AI医药影像,28.72,51.97,6.9120761077,0.46100143,0.2001831463,112.73283902828675,259.61226487127107,1.7228587653,0.237792495,0.0645655186,1.6861015163,98.5927850708,-33.3228043453,31.920610735857,13.802204788307,2.3379671377,4,2,35.3,,False
688206,概伦电子,AI软件工业智能,38.45,167.86,4.9289629955,0.20447665970000004,-0.6309202656,820.924990882957,,1.0064971927,-0.1229146332,-0.17352512539999998,10.0911673647,-917.2130589275,-25.4875710376,86.212127534333,-12.38527164349,-0.6152994606,4,3,35.2,,False
603881,数据港,供电液冷数据中心,23.46,202.24,17.0597019221,1.394597008,1.0998892638,145.01680330580487,183.87305582134914,3.8015823519,0.4477848828,0.4215596375,-3.7622809897,1.6400676109,4.3742880588,31.74610356124,11.768890614099,1.3396149921,2,2,34.9,42.03,False
603296,华勤技术,算力服务器网络,71.76,1088.03,1771.8492503916,42.7288590239,33.0511724275,25.46358655145508,32.91955837229884,407.45694661839997,10.6058462861,8.221555175399999,16.4239334987,25.9614881099,8.0781923136,8.539906791941,2.625188832924,4.0349799912,4,4,33.3,4.08,False
000034,神州数码,算力服务器网络,24.61,250.22,1525.2975778201999,5.416623445599999,7.1257128063,46.194830139661505,35.11508347330178,405.5714201574,2.3599309738,2.3311820842,27.6247556214,8.6151357228,4.1388784975,3.366711315507,0.629744439564,2.1228941464,4,1,33.2,8.48,False
603228,景旺电子,PCB_CCL_连接,71.7,707.19,158.56689965,11.388325131299998,9.7871849924,62.097805590072134,72.25673169038403,38.9197175356,2.3268569617,1.8947087331999999,16.4099062801,-28.3653870595,-18.2903976219,18.761184599608,6.243993686175,1.7643180771,4,2,32.6,,False
600588,用友网络,AI软件工业智能,8.82,301.38,92.62933384,-13.76018156,-15.35595866,,,14.59299286,-7.22584932,-7.32751781,5.8950185603,1.794598568,7.7512277161,44.717825415286,-51.009814857129,-9.9708075031,4,4,32.4,,False
300170,汉得信息,AI软件工业智能,14.11,146.8,34.6277833202,2.3036677886000003,1.8691938034,63.72446614327766,78.53653255910426,7.8898274118,0.3902707361,0.306662039,6.3929742194,10.6865944715,-11.0564538133,34.868212194167,4.401063233407,0.6872068232,4,3,32.3,,False
002851,麦格米特,供电液冷数据中心,136.59,798.69,98.7426219807,1.5318415103,-0.2591846915,521.392059576439,,27.877573609499997,1.1468776837,0.40246491479999996,20.3520607461,6.9290508162,-56.2297485341,21.565159306947,4.608426644642,1.510315726,4,0,30.9,,False
300624,万兴科技,AI软件工业智能,45.71,88.37,15.218849353900001,-1.0640143798000001,-1.5199217719999998,,,3.6869098858999996,-0.47983486700000005,-0.5171044294,-2.8693026178,-46.2276322805,-37.2392276435,87.65681810558,-12.947235594924,-4.7980205187,3,2,30.1,,False
300563,神宇股份,PCB_CCL_连接,22.08,40.22,8.7380569935,0.7536712998999999,0.7278092936,53.36543929075785,55.2617290733645,2.0358189788,0.1349470643,0.1189404591,16.7267680587,11.3776931165,-8.4689263786,18.244386901184,6.613402380174,1.1569575374,2,3,30.0,,False
600580,卧龙电驱,机器人具身,29.68,463.64,154.0046285403,11.340385489500001,8.055235494300002,40.88397175116152,57.557597208433975,39.8586191621,2.7597200211,2.1717222845,-1.3140199361,2.9404867146,-7.563621723,23.305869257089,7.068893547068,2.4946972891,0,3,29.7,,False
000063,中兴通讯,算力服务器网络,36.0,1722.07,1359.15321,44.75017,23.49887,38.481864985093914,73.28309829366263,349.88057,13.10444,9.36176,6.1266955583,-46.5816502063,-52.1553636224,28.276157204157,3.767657060808,1.7215532484,4,1,29.4,,False
300378,鼎捷数智,AI软件工业智能,27.64,75.06,24.4586462223,1.6378348631,1.2950749976,45.828796108254,57.95803342594002,4.3625021788,-0.0803509616,-0.21119200859999998,3.0198240784,3.5756143974,-121.9451209835,56.016325980889,-2.390734695947,-0.3390554099,4,1,29.2,,False
002230,科大讯飞,AI软件工业智能,41.12,987.74,277.21763522099997,8.629179692,0.6249289567000004,114.46510969237562,1580.5636615334,52.7418866025,-1.6972462152,-4.2959409014,13.2330907021,12.1743323684,-88.575495144,38.972530076362,-3.560528998238,-0.9016544499,4,1,28.9,,False
600584,长电科技,存储芯片封装设备材料,85.49,1529.77,387.072413954,16.521472444,14.409667708099999,92.59283669692267,106.162753436714,91.7103955116,2.9027277067000004,2.6456569228999998,-1.757947088,42.7358799126,37.030276256,14.548409778597,3.040893164993,1.0107484434,2,2,28.7,2.87,False
002837,英维克,供电液冷数据中心,61.57,784.62,63.105026239,4.8256189986,4.672901774600001,162.59468479124286,167.90851548921404,11.753293136099998,0.08657602269999999,0.0539285648,26.0290835683,-81.9672640271,-87.0988537115,24.293461916899,1.204859091492,0.2506753802,4,3,28.0,,False
300634,彩讯股份,AI软件工业智能,17.73,80.0,16.7312162703,2.4247210638,2.1141724818000003,32.99348580517742,37.83986438603545,3.3155485038999997,0.25313715789999996,0.3317192236,-32.1148138169,-65.5561405842,-53.5724514399,37.248598608867,7.730085697692,0.8350766767,2,1,27.5,,False
002920,德赛西威,AI软件工业智能,82.14,490.22,322.6039811161,23.3282419848,23.9265433898,21.01401384293823,20.488542453189588,64.95182292,4.6148796735,4.7590849476,-4.3695800073,-20.7403817571,-4.2079571674,18.596436632082,7.196150462254,3.018509387,3,2,27.4,,False
002938,鹏鼎控股,PCB_CCL_连接,93.89,2175.94,390.4603359309,37.1242637184,33.821402382799995,58.61234088048816,64.33618498050757,79.8586140709,4.627396214,3.2569330822,-1.2486438963,-5.2067473714,-31.8508337834,22.948496206094,5.579552913408,1.3454310657,3,1,26.5,,False
000977,浪潮信息,算力服务器网络,77.4,1136.6,1533.9394997936,25.550756480500002,22.441518826099998,44.48400582062757,50.64719588756658,354.7032583604,6.048731668099999,5.9026289705999995,-24.3031219922,30.7370775131,38.2213321925,6.639155141217,1.705326420699,2.7455084972,2,3,24.8,1.33,False
688777,中控技术,AI软件工业智能,87.5,692.29,79.7150783491,3.9606893718,2.9925603795,174.79027891686883,231.337019878499,15.0612923969,0.7468279794,0.4567542555,-6.2885700723,-37.8124121601,-40.8414819524,30.992145480562,4.963792705159,0.745365791,0,0,24.7,,False
688507,索辰科技,AI软件工业智能,164.85,146.9,4.6645096620999995,0.13192388569999994,0.11636446000000007,1113.5208701633935,1262.412939483412,0.39429407130000005,-0.339406314,-0.3452024997,1.6555718353,-117.1393683691,-82.6844267194,50.127794224331,-110.952505361701,-1.2074504915,3,1,24.2,,False
301018,申菱环境,供电液冷数据中心,86.96,325.48,41.9787423125,1.9094778382,1.7880861556,170.45497648028163,182.0270231278558,6.1715850338,0.2830581943,0.2564195856,-1.8018961377,-47.7127361976,-52.5614119434,20.595538997498,5.054655275614,1.0318290791,3,2,20.3,,False
300870,欧陆通,供电液冷数据中心,203.4,310.48,46.153074512799996,1.8189041094999998,1.6336059419,170.69618919347437,190.05807461675224,10.4154703748,-0.1254136174,-0.1514764547,17.2573987333,-125.2999392915,-132.8114716662,17.013154198848,-1.174019072589,-0.4742320528,3,2,19.4,,False
603920,世运电路,PCB_CCL_连接,34.2,246.44,56.8194894226,5.4074496109000005,4.7533065753,45.574164852732345,51.84601415793304,13.224614606700001,0.3663236083,0.41247260630000004,8.629895023,-79.6311474747,-75.8178170164,13.538450590408,2.170372371794,0.5618557057,4,1,18.4,,False
301236,软通动力,AI软件工业智能,37.42,387.37,361.96653106260004,0.5391094385999998,-1.0197545978999998,718.5368540494334,,81.1745260611,-3.4989069442000003,-3.599187309,15.7866555436,-76.9910838384,-66.6159863709,7.783908987462,-4.565870828627,-2.9483970693,3,2,18.1,,False
002527,新时达,机器人具身,10.1,66.97,36.1448082795,0.06126929199999999,-0.6959236214999999,1093.043477636399,,8.6571970179,-0.07512635320000001,-0.2378439286,10.1294191775,7.6145195967,-63.3190977954,18.134432615475,-0.867115524168,-0.6019049703,3,2,17.7,,False
600055,万东医疗,AI医药影像,10.55,74.17,13.8028364608,-2.7884633108999997,-2.8648825633000006,,,4.0656857328,-0.159340473,-0.1803385163,8.9184401528,-145.4580796921,-177.5019342745,24.820666421874,-3.842925281694,-0.358085242,2,0,17.4,,False
603667,五洲新春,机器人具身,54.07,207.17,31.7586492777,0.843425902,0.7539352046000002,245.62916494352575,274.784886998232,7.217901262100001,0.3080000598,0.2622278849,-18.8288041736,-18.6204434243,-19.0087138546,19.757180795586,4.37815848714,1.0289834362,2,2,17.1,,False
603912,佳力图,供电液冷数据中心,6.81,36.9,7.458310357899999,-0.6190910068,-0.7552202842,,,1.4307583136000002,-0.20252831420000003,-0.2324283106,5.3465559524,-57.8343280636,-37.1105064396,9.967801392058,-14.175762305352,-1.1393634494,2,0,12.3,,False
301291,明阳电气,供电液冷数据中心,36.9,116.07,65.6647444047,5.0063579,4.922203548500001,23.184519029292733,23.58090210133048,9.6242134625,0.24606702579999998,0.2155593839,-26.2836318696,-78.0809433062,-80.3656069533,17.746721032893,2.55674946071,0.4873046739,2,1,11.3,,False
300383,光环新网,供电液冷数据中心,12.85,230.99,69.793749546,-8.0591702675,-8.4951966268,,,16.3328383353,0.22465210559999998,0.1052818336,-10.8254798536,-67.5238633557,-82.4848459315,14.093034208421,1.214054762126,0.1899149283,1,0,10.9,,False
603690,至纯科技,存储芯片封装设备材料,24.02,91.99,27.475588895999998,-8.319782815,-8.6261046004,,,6.2067446614,-0.7885314203,-0.8442994425,-14.7049487433,-232.7631472908,-160.0647852826,27.062742381626,-13.113965571389,-2.2620583146,1,1,10.7,,False
603666,亿嘉和,机器人具身,22.89,47.05,4.921612816900001,-0.9983563629,-1.2374679355,,,0.692943654,-0.5075940212,-0.5288535815,-45.745315658,-775.332543695,-1107.5530291229,18.477378912543,-74.75622872217,-2.3756981143,2,2,3.8,,False
