audit_status,audit_reason,market,stock_code,company_name,priority_level,level1_tag,level2_tag,level3_tag,evidence_method,sector,main_business,strategic_business,industry_level_1,industry_level_2,industry_level_3,policy_review_note,tag_batch,ah_conflict,audit_source_url
D_确认需修正,显示器整机组装与注塑件，不具备新型显示核心器件、材料或技术主营证据，应取消重点产业标签,cn,000020,深华发A,4,国家重点扶持产业,第二梯队：新兴支柱产业,新型显示,主营+行业映射,公司主营业务为显示器,显示器、注塑件,,电子,光学光电子,面板,2026-08-30复核：生产主营“显示器、注塑件”，行业分类“电子/光学光电子/面板”；归入新型显示,20260830_NEW,False,https://static.cninfo.com.cn/finalpage/2025-04-22/1223194519.PDF
C_需人工复核,终端/配套业务是否纳入该产业需按政策口径和收入占比复核，暂不直接判错,cn,000509,华塑控股,4,国家重点扶持产业,第二梯队：新兴支柱产业,新型显示,主营+行业映射,公司主营业务为电子产品,电子产品,,电子,光学光电子,面板,2026-08-30复核：生产主营“电子产品”，行业分类“电子/光学光电子/面板”；归入新型显示,20260830_NEW,False,
C_需人工复核,未在主营/新战略业务中找到新材料直接证据；当前主要依赖其他生物制品,cn,000534,万泽股份,4,国家重点扶持产业,第二梯队：新兴支柱产业,新材料,主营/战略文本,公司主营业务为金双歧,金属检测及加工服务、高温合金材料销售、金双歧、定君生、微生态大健康产品,,医药生物,生物制品,其他生物制品,2026-08-30复核：生产主营业务“金属检测及加工服务、高温合金材料销售、金双歧、定君生、微生态大健康产品”命中“高温合金”；归入新材料,20260830_NEW,False,
C_需人工复核,终端/配套业务是否纳入该产业需按政策口径和收入占比复核，暂不直接判错,cn,000727,冠捷科技,4,国家重点扶持产业,第二梯队：新兴支柱产业,新型显示,主营+行业映射,公司主营业务为显示器产品,显示器产品、电视产品,,电子,光学光电子,面板,2026-08-30复核：生产主营“显示器产品、电视产品”，行业分类“电子/光学光电子/面板”；归入新型显示,20260830_NEW,False,
D_确认需修正,主营铁路供应链、物流和综合服务，不是高端装备制造企业,cn,000927,中国铁物,4,国家重点扶持产业,第二梯队：新兴支柱产业,高端装备,主营+行业映射,公司主营业务为铁路产业综合服务,铁路产业综合服务、工程及生产物资供应链集成服务、铁路综合物流及危险品物流服务,,机械设备,轨交设备,轨交设备Ⅲ,2026-08-30复核：生产主营“铁路产业综合服务、工程及生产物资供应链集成服务、铁路综合物流及危险品物流服务”，行业分类“机械设备/轨交设备/轨交设备Ⅲ”；归入高端装备,20260830_NEW,False,
C_需人工复核,终端/配套业务是否纳入该产业需按政策口径和收入占比复核，暂不直接判错,cn,001308,康冠科技,4,国家重点扶持产业,第二梯队：新兴支柱产业,新型显示,主营+行业映射,公司主营业务为智能电视,智能交互显示产品、创新类显示产品、智能电视、部品销售业务,,电子,光学光电子,面板,2026-08-30复核：生产主营“智能交互显示产品、创新类显示产品、智能电视、部品销售业务”，行业分类“电子/光学光电子/面板”；归入新型显示,20260830_NEW,False,
C_需人工复核,未在主营/新战略业务中找到关键电子元器件直接证据；当前主要依赖消费电子零部件及组装,cn,001314,亿道信息,4,国家重点扶持产业,第二梯队：新兴支柱产业,关键电子元器件,主营+行业映射,公司主营业务为智能硬件产品,智能硬件产品、加固智能行业终端、XR及AIoT产品,,电子,消费电子,消费电子零部件及组装,2026-08-30复核：生产主营“智能硬件产品、加固智能行业终端、XR及AIoT产品”，行业分类“电子/消费电子/消费电子零部件及组装”；归入关键电子元器件,20260830_NEW,False,
C_需人工复核,终端/配套业务是否纳入该产业需按政策口径和收入占比复核，暂不直接判错,cn,002137,实益达,4,国家重点扶持产业,第二梯队：新兴支柱产业,新型显示,主营+行业映射,公司主营业务为智能终端产品,智能终端产品、智能硬件制造,,电子,光学光电子,LED,2026-08-30复核：生产主营“智能终端产品、智能硬件制造”，行业分类“电子/光学光电子/LED”；归入新型显示,20260830_NEW,False,
C_需人工复核,未在主营/新战略业务中找到关键电子元器件直接证据；当前主要依赖消费电子零部件及组装,cn,002139,拓邦股份,3,用户常用,第二梯队：新兴支柱产业,关键电子元器件,主营+行业映射,公司主营业务为工具和家电,工具和家电、数字能源和智能汽车、机器人,,电子,消费电子,消费电子零部件及组装,2026-08-30复核：生产主营“工具和家电、数字能源和智能汽车、机器人”，行业分类“电子/消费电子/消费电子零部件及组装”；归入关键电子元器件,20260830_NEW,False,
C_需人工复核,未在主营/新战略业务中找到关键电子元器件直接证据；当前主要依赖消费电子零部件及组装,cn,002369,卓翼科技,4,国家重点扶持产业,第二梯队：新兴支柱产业,关键电子元器件,主营+行业映射,公司主营业务为网络通讯终端类,网络通讯终端类、便携式消费电子类,,电子,消费电子,消费电子零部件及组装,2026-08-30复核：生产主营“网络通讯终端类、便携式消费电子类”，行业分类“电子/消费电子/消费电子零部件及组装”；归入关键电子元器件,20260830_NEW,False,
C_需人工复核,未在主营/新战略业务中找到高端医疗器械直接证据；当前主要依赖医疗耗材,cn,002382,蓝帆医疗,4,国家重点扶持产业,第二梯队：新兴支柱产业,高端医疗器械,主营+行业映射,公司主营业务为健康防护产品,心脑血管产品、健康防护产品、应急救护产品,,医药生物,医疗器械,医疗耗材,2026-08-30复核：生产主营“心脑血管产品、健康防护产品、应急救护产品”，行业分类“医药生物/医疗器械/医疗耗材”；归入高端医疗器械,20260830_NEW,False,
C_需人工复核,未在主营/新战略业务中找到关键电子元器件直接证据；当前主要依赖消费电子零部件及组装,cn,002426,胜利精密,4,国家重点扶持产业,第二梯队：新兴支柱产业,关键电子元器件,主营+行业映射,公司主营业务为消费电子,消费电子、汽车零部件,,电子,消费电子,消费电子零部件及组装,2026-08-30复核：生产主营“消费电子、汽车零部件”，行业分类“电子/消费电子/消费电子零部件及组装”；归入关键电子元器件,20260830_NEW,False,
C_需人工复核,未在主营/新战略业务中找到高端医疗器械直接证据；当前主要依赖医疗耗材,cn,002551,尚荣医疗,4,国家重点扶持产业,第二梯队：新兴支柱产业,高端医疗器械,主营+行业映射,公司主营业务为医疗产品生产销售收入,医疗服务收入、医疗产品生产销售收入、健康产业运营收入,,医药生物,医疗器械,医疗耗材,2026-08-30复核：生产主营“医疗服务收入、医疗产品生产销售收入、健康产业运营收入”，行业分类“医药生物/医疗器械/医疗耗材”；归入高端医疗器械,20260830_NEW,False,
C_需人工复核,未在主营/新战略业务中找到新型显示直接证据；当前主要依赖LED,cn,002587,奥拓电子,4,国家重点扶持产业,第二梯队：新兴支柱产业,新型显示,主营+行业映射,公司主营业务为LED视频显示系统,LED视频显示系统、网点智能化集成与设备、智能景观亮化工程、服务及其它、软件及内容,,电子,光学光电子,LED,2026-08-30复核：生产主营“LED视频显示系统、网点智能化集成与设备、智能景观亮化工程、服务及其它、软件及内容”，行业分类“电子/光学光电子/LED”；归入新型显示,20260830_NEW,False,
C_需人工复核,未在主营/新战略业务中找到关键电子元器件直接证据；当前主要依赖消费电子零部件及组装,cn,002635,安洁科技,4,国家重点扶持产业,第二梯队：新兴支柱产业,关键电子元器件,主营+行业映射,公司主营业务为智能终端功能件和精密结构件以及模组类产品,智能终端功能件和精密结构件以及模组类产品、新能源汽车类产品、信息存储类产品,,电子,消费电子,消费电子零部件及组装,2026-08-30复核：生产主营“智能终端功能件和精密结构件以及模组类产品、新能源汽车类产品、信息存储类产品”，行业分类“电子/消费电子/消费电子零部件及组装”；归入关键电子元器件,20260830_NEW,False,
C_需人工复核,未在主营/新战略业务中找到集成电路材料直接证据；当前主要依赖电子化学品Ⅲ,cn,002643,万润股份,4,国家重点扶持产业,第三梯队：卡脖子底座,集成电路材料,主营+行业映射,公司主营业务为功能性材料类,功能性材料类、生命科学与医药类,,电子,电子化学品,电子化学品Ⅲ,2026-08-30复核：生产主营“功能性材料类、生命科学与医药类”，行业分类“电子/电子化学品/电子化学品Ⅲ”；归入集成电路材料,20260830_NEW,False,
C_需人工复核,未在主营/新战略业务中找到关键电子元器件直接证据；当前主要依赖消费电子零部件及组装,cn,002681,奋达科技,4,国家重点扶持产业,第二梯队：新兴支柱产业,关键电子元器件,主营+行业映射,公司主营业务为电声产品,电声产品、健康电器、智能可穿戴产品、智能门锁,,电子,消费电子,消费电子零部件及组装,2026-08-30复核：生产主营“电声产品、健康电器、智能可穿戴产品、智能门锁”，行业分类“电子/消费电子/消费电子零部件及组装”；归入关键电子元器件,20260830_NEW,False,
C_需人工复核,未在主营/新战略业务中找到高端装备直接证据；当前主要依赖机器人,cn,002698,博实股份,4,国家重点扶持产业,第二梯队：新兴支柱产业,高端装备,主营/战略文本,公司主营业务为固体物料后处理智能制造装备,固体物料后处理智能制造装备、智能物流与仓储系统、机器人+、橡胶后处理智能制造装备、环保工艺技术及成套装备、补充类工业服务及其它、运维、售后类工业服务,,机械设备,自动化设备,机器人,2026-08-30复核：生产主营业务“固体物料后处理智能制造装备、智能物流与仓储系统、机器人+、橡胶后处理智能制造装备、环保工艺技术及成套装备、补充类工业服务及其它、运维、售后类工业服务”命中“智能制造装备”；归入高端装备,20260830_NEW,False,
C_需人工复核,未在主营/新战略业务中找到PCB直接证据；当前主要依赖底盘与发动机系统,cn,002708,光洋股份,4,国家重点扶持产业,第一梯队：AI+超级主线,PCB,主营/战略文本,公司主营业务为轴承产品,轴承产品、同步器行星排产品、毛坯加工、线路板业务,,汽车,汽车零部件,底盘与发动机系统,2026-08-30复核：生产主营业务“轴承产品、同步器行星排产品、毛坯加工、线路板业务”命中“线路板”；归入PCB,20260830_NEW,False,
D_确认需修正,主营为LED照明及灯具业务，不应归为新型显示,cn,002745,木林森,4,国家重点扶持产业,第二梯队：新兴支柱产业,新型显示,主营+行业映射,公司主营业务为朗德万斯,朗德万斯、木林森,,电子,光学光电子,LED,2026-08-30复核：生产主营“朗德万斯、木林森”，行业分类“电子/光学光电子/LED”；归入新型显示,20260830_NEW,False,https://static.cninfo.com.cn/finalpage/2025-04-25/1223267731.PDF
C_需人工复核,未在主营/新战略业务中找到关键电子元器件直接证据；当前主要依赖消费电子零部件及组装,cn,002855,捷荣技术,4,国家重点扶持产业,第二梯队：新兴支柱产业,关键电子元器件,主营+行业映射,公司主营业务为精密结构件,精密结构件、精密模具、手机电脑配件分销（代理）,,电子,消费电子,消费电子零部件及组装,2026-08-30复核：生产主营“精密结构件、精密模具、手机电脑配件分销（代理）”，行业分类“电子/消费电子/消费电子零部件及组装”；归入关键电子元器件,20260830_NEW,False,
C_需人工复核,未在主营/新战略业务中找到关键电子元器件直接证据；当前主要依赖消费电子零部件及组装,cn,002866,传艺科技,4,国家重点扶持产业,第二梯队：新兴支柱产业,关键电子元器件,主营+行业映射,公司主营业务为笔记本及台式机电脑键盘等输入设备及配件,,,电子,消费电子,消费电子零部件及组装,2026-08-30复核：生产主营“公司主营业务为笔记本及台式机电脑键盘等输入设备及配件”，行业分类“电子/消费电子/消费电子零部件及组装”；归入关键电子元器件,20260830_NEW,False,
C_需人工复核,未在主营/新战略业务中找到高端医疗器械直接证据；当前主要依赖医疗耗材,cn,002901,大博医疗,4,国家重点扶持产业,第二梯队：新兴支柱产业,高端医疗器械,主营+行业映射,公司主营业务为创伤类产品,创伤类产品、脊柱类产品、微创外科类产品、关节类产品、神经外科类产品、手术器械类产品、齿科类产品,,医药生物,医疗器械,医疗耗材,2026-08-30复核：生产主营“创伤类产品、脊柱类产品、微创外科类产品、关节类产品、神经外科类产品、手术器械类产品、齿科类产品”，行业分类“医药生物/医疗器械/医疗耗材”；归入高端医疗器械,20260830_NEW,False,
C_需人工复核,未在主营/新战略业务中找到关键电子元器件直接证据；当前主要依赖消费电子零部件及组装,cn,002925,盈趣科技,4,国家重点扶持产业,第二梯队：新兴支柱产业,关键电子元器件,主营+行业映射,公司主营业务为智能控制部件,智能控制部件、创新消费电子产品、汽车电子产品、健康环境产品、技术研发服务,,电子,消费电子,消费电子零部件及组装,2026-08-30复核：生产主营“智能控制部件、创新消费电子产品、汽车电子产品、健康环境产品、技术研发服务”，行业分类“电子/消费电子/消费电子零部件及组装”；归入关键电子元器件,20260830_NEW,False,
C_需人工复核,未在主营/新战略业务中找到关键电子元器件直接证据；当前主要依赖消费电子零部件及组装,cn,002947,恒铭达,4,国家重点扶持产业,第二梯队：新兴支柱产业,关键电子元器件,主营+行业映射,公司主营业务为精密柔性结构件,精密柔性结构件、精密金属结构件,,电子,消费电子,消费电子零部件及组装,2026-08-30复核：生产主营“精密柔性结构件、精密金属结构件”，行业分类“电子/消费电子/消费电子零部件及组装”；归入关键电子元器件,20260830_NEW,False,
C_需人工复核,未在主营/新战略业务中找到高端医疗器械直接证据；当前主要依赖医疗耗材,cn,002950,奥美医疗,4,国家重点扶持产业,第二梯队：新兴支柱产业,高端医疗器械,主营+行业映射,公司主营业务为外科与伤口护理,外科与伤口护理、卫生护理、感染防护、高级敷料,,医药生物,医疗器械,医疗耗材,2026-08-30复核：生产主营“外科与伤口护理、卫生护理、感染防护、高级敷料”，行业分类“医药生物/医疗器械/医疗耗材”；归入高端医疗器械,20260830_NEW,False,
C_需人工复核,终端/配套业务是否纳入该产业需按政策口径和收入占比复核，暂不直接判错,cn,002955,鸿合科技,4,国家重点扶持产业,第二梯队：新兴支柱产业,新型显示,主营+行业映射,公司主营业务为IWB产品,IWB产品、智能视听解决方案,,电子,光学光电子,面板,2026-08-30复核：生产主营“IWB产品、智能视听解决方案”，行业分类“电子/光学光电子/面板”；归入新型显示,20260830_NEW,False,
C_需人工复核,未在主营/新战略业务中找到关键电子元器件直接证据；当前主要依赖消费电子零部件及组装,cn,002981,朝阳科技,4,国家重点扶持产业,第二梯队：新兴支柱产业,关键电子元器件,主营+行业映射,公司主营业务为耳机成品,耳机成品、音响类,,电子,消费电子,消费电子零部件及组装,2026-08-30复核：生产主营“耳机成品、音响类”，行业分类“电子/消费电子/消费电子零部件及组装”；归入关键电子元器件,20260830_NEW,False,
C_需人工复核,未在主营/新战略业务中找到新型显示直接证据；当前主要依赖LED,cn,002983,芯瑞达,4,国家重点扶持产业,第二梯队：新兴支柱产业,新型显示,主营+行业映射,公司主营业务为显示模组,显示模组、显示终端、健康智能光源,,电子,光学光电子,LED,2026-08-30复核：生产主营“显示模组、显示终端、健康智能光源”，行业分类“电子/光学光电子/LED”；归入新型显示,20260830_NEW,False,
C_需人工复核,未在主营/新战略业务中找到新型显示直接证据；当前主要依赖LED,cn,002992,宝明科技,4,国家重点扶持产业,第二梯队：新兴支柱产业,新型显示,主营+行业映射,公司主营业务为LED背光源,LED背光源、液晶面板深加工、锂电复合铜箔,,电子,光学光电子,LED,2026-08-30复核：生产主营“LED背光源、液晶面板深加工、锂电复合铜箔”，行业分类“电子/光学光电子/LED”；归入新型显示,20260830_NEW,False,
C_需人工复核,未在主营/新战略业务中找到关键电子元器件直接证据；当前主要依赖消费电子零部件及组装,cn,002993,奥海科技,4,国家重点扶持产业,第二梯队：新兴支柱产业,关键电子元器件,主营+行业映射,公司主营业务为充电器及适配器,充电器及适配器、新能源汽车电控与电源系统解决方案,,电子,消费电子,消费电子零部件及组装,2026-08-30复核：生产主营“充电器及适配器、新能源汽车电控与电源系统解决方案”，行业分类“电子/消费电子/消费电子零部件及组装”；归入关键电子元器件,20260830_NEW,False,
C_需人工复核,未在主营/新战略业务中找到关键电子元器件直接证据；当前主要依赖消费电子零部件及组装,cn,300032,金龙机电,4,国家重点扶持产业,第二梯队：新兴支柱产业,关键电子元器件,主营+行业映射,公司主营业务为结构件,马达、触控显示模组、结构件、电子雾化器及相关配件,,电子,消费电子,消费电子零部件及组装,2026-08-30复核：生产主营“马达、触控显示模组、结构件、电子雾化器及相关配件”，行业分类“电子/消费电子/消费电子零部件及组装”；归入关键电子元器件,20260830_NEW,False,
C_需人工复核,终端/配套业务是否纳入该产业需按政策口径和收入占比复核，暂不直接判错,cn,300219,鸿利智汇,4,国家重点扶持产业,第二梯队：新兴支柱产业,新型显示,主营+行业映射,公司主营业务为LED封装产品,LED封装产品、汽车照明产品,,电子,光学光电子,LED,2026-08-30复核：生产主营“LED封装产品、汽车照明产品”，行业分类“电子/光学光电子/LED”；归入新型显示,20260830_NEW,False,
C_需人工复核,未在主营/新战略业务中找到新型显示直接证据；当前主要依赖LED,cn,300232,洲明科技,4,国家重点扶持产业,第二梯队：新兴支柱产业,新型显示,主营+行业映射,公司主营业务为智慧显示,智慧显示、智能照明、文创灯光,,电子,光学光电子,LED,2026-08-30复核：生产主营“智慧显示、智能照明、文创灯光”，行业分类“电子/光学光电子/LED”；归入新型显示,20260830_NEW,False,
C_需人工复核,未在主营/新战略业务中找到高端医疗器械直接证据；当前主要依赖医疗耗材,cn,300238,冠昊生物,4,国家重点扶持产业,第二梯队：新兴支柱产业,高端医疗器械,主营+行业映射,公司主营业务为代理品,生物型硬脑（脊）膜补片、胸普外科修补膜、无菌生物护创膜、B型硬脑（脊）膜补片、乳房补片、代理品、细胞技术服务、本维莫德,,医药生物,医疗器械,医疗耗材,2026-08-30复核：生产主营“生物型硬脑（脊）膜补片、胸普外科修补膜、无菌生物护创膜、B型硬脑（脊）膜补片、乳房补片、代理品、细胞技术服务、本维莫德”，行业分类“医药生物/医疗器械/医疗耗材”；归入高端医疗器械,20260830_NEW,False,
C_需人工复核,未在主营/新战略业务中找到关键电子元器件直接证据；当前主要依赖消费电子零部件及组装,cn,300256,星星科技,4,国家重点扶持产业,第二梯队：新兴支柱产业,关键电子元器件,主营+行业映射,公司主营业务为触控显示类,触控显示类、视窗防护屏类、结构件类、电动自行车、电动摩托车、电动车配件,,电子,消费电子,消费电子零部件及组装,2026-08-30复核：生产主营“触控显示类、视窗防护屏类、结构件类、电动自行车、电动摩托车、电动车配件”，行业分类“电子/消费电子/消费电子零部件及组装”；归入关键电子元器件,20260830_NEW,False,
C_需人工复核,终端/配套业务是否纳入该产业需按政策口径和收入占比复核，暂不直接判错,cn,300269,联建光电,4,国家重点扶持产业,第二梯队：新兴支柱产业,新型显示,主营+行业映射,公司主营业务为数字设备,数字设备,,电子,光学光电子,LED,2026-08-30复核：生产主营“数字设备”，行业分类“电子/光学光电子/LED”；归入新型显示,20260830_NEW,False,
C_需人工复核,未在主营/新战略业务中找到新型显示直接证据；当前主要依赖LED,cn,300296,利亚德,4,国家重点扶持产业,第二梯队：新兴支柱产业,新型显示,主营+行业映射,公司主营业务为智能显示,智能显示、文旅夜游、AI与空间计算,,电子,光学光电子,LED,2026-08-30复核：生产主营“智能显示、文旅夜游、AI与空间计算”，行业分类“电子/光学光电子/LED”；归入新型显示,20260830_NEW,False,
C_需人工复核,未在主营/新战略业务中找到新型显示直接证据；当前主要依赖LED,cn,300303,聚飞光电,4,国家重点扶持产业,第二梯队：新兴支柱产业,新型显示,主营+行业映射,公司主营业务为LED产品,LED产品,,电子,光学光电子,LED,2026-08-30复核：生产主营“LED产品”，行业分类“电子/光学光电子/LED”；归入新型显示,20260830_NEW,False,
C_需人工复核,未在主营/新战略业务中找到高端装备直接证据；当前主要依赖轨交设备Ⅲ,cn,300351,永贵电器,4,国家重点扶持产业,第二梯队：新兴支柱产业,高端装备,主营+行业映射,公司主营业务为车载与能源信息板块,车载与能源信息板块、轨道交通与工业板块,,机械设备,轨交设备,轨交设备Ⅲ,2026-08-30复核：生产主营“车载与能源信息板块、轨道交通与工业板块”，行业分类“机械设备/轨交设备/轨交设备Ⅲ”；归入高端装备,20260830_NEW,False,
C_需人工复核,未在主营/新战略业务中找到高端医疗器械直接证据；当前主要依赖医疗耗材,cn,300453,三鑫医疗,4,国家重点扶持产业,第二梯队：新兴支柱产业,高端医疗器械,主营+行业映射,公司主营业务为血液净化类,血液净化类、给药器具类、心胸外科类,,医药生物,医疗器械,医疗耗材,2026-08-30复核：生产主营“血液净化类、给药器具类、心胸外科类”，行业分类“医药生物/医疗器械/医疗耗材”；归入高端医疗器械,20260830_NEW,False,
C_需人工复核,未在主营/新战略业务中找到集成电路材料直接证据；当前主要依赖电子化学品Ⅲ,cn,300481,濮阳惠成,4,国家重点扶持产业,第三梯队：卡脖子底座,集成电路材料,主营+行业映射,公司主营业务为顺酐酸酐衍生物,顺酐酸酐衍生物、功能材料中间体,,电子,电子化学品,电子化学品Ⅲ,2026-08-30复核：生产主营“顺酐酸酐衍生物、功能材料中间体”，行业分类“电子/电子化学品/电子化学品Ⅲ”；归入集成电路材料,20260830_NEW,False,
C_需人工复核,未在主营/新战略业务中找到高端医疗器械直接证据；当前主要依赖医疗耗材,cn,300529,健帆生物,4,国家重点扶持产业,第二梯队：新兴支柱产业,高端医疗器械,主营+行业映射,公司主营业务为一次性使用血液灌流器,一次性使用血液灌流器、一次性使用血浆胆红素吸附器、血液净化设备、血液透析粉液产品、管路产品、血浆分离器,,医药生物,医疗器械,医疗耗材,2026-08-30复核：生产主营“一次性使用血液灌流器、一次性使用血浆胆红素吸附器、血液净化设备、血液透析粉液产品、管路产品、血浆分离器”，行业分类“医药生物/医疗器械/医疗耗材”；归入高端医疗器械,20260830_NEW,False,
C_需人工复核,未在主营/新战略业务中找到新型显示直接证据；当前主要依赖面板,cn,300545,联得装备,4,国家重点扶持产业,第二梯队：新兴支柱产业,新型显示,主营+行业映射,公司主营业务为设备类,设备类、夹治具、线体类,,电子,光学光电子,面板,2026-08-30复核：生产主营“设备类、夹治具、线体类”，行业分类“电子/光学光电子/面板”；归入新型显示,20260830_NEW,False,
D_确认需修正,主营LED驱动电源和照明组件，不应归为新型显示,cn,300582,英飞特,4,国家重点扶持产业,第二梯队：新兴支柱产业,新型显示,主营+行业映射,公司主营业务为LED驱动电源,LED驱动电源、传统组件及灯具、控制系统、新能源相关产品、模组、灯带及标识,,电子,光学光电子,LED,2026-08-30复核：生产主营“LED驱动电源、传统组件及灯具、控制系统、新能源相关产品、模组、灯带及标识”，行业分类“电子/光学光电子/LED”；归入新型显示,20260830_NEW,False,https://static.cninfo.com.cn/finalpage/2023-03-14/1216109631.PDF
C_需人工复核,未在主营/新战略业务中找到高端医疗器械直接证据；当前主要依赖医疗耗材,cn,300595,欧普康视,4,国家重点扶持产业,第二梯队：新兴支柱产业,高端医疗器械,主营+行业映射,公司主营业务为硬性接触镜,硬性接触镜、护理产品、医疗收入、非视光类产品,,医药生物,医疗器械,医疗耗材,2026-08-30复核：生产主营“硬性接触镜、护理产品、医疗收入、非视光类产品”，行业分类“医药生物/医疗器械/医疗耗材”；归入高端医疗器械,20260830_NEW,False,
C_需人工复核,未在主营/新战略业务中找到关键电子元器件直接证据；当前主要依赖消费电子零部件及组装,cn,300647,超频三,4,国家重点扶持产业,第二梯队：新兴支柱产业,关键电子元器件,主营+行业映射,公司主营业务为锂离子电池材料,LED照明灯具、散热产品、照明亮化工程、锂离子电池材料,,电子,消费电子,消费电子零部件及组装,2026-08-30复核：生产主营“LED照明灯具、散热产品、照明亮化工程、锂离子电池材料”，行业分类“电子/消费电子/消费电子零部件及组装”；归入关键电子元器件,20260830_NEW,False,
C_需人工复核,未在主营/新战略业务中找到高端医疗器械直接证据；当前主要依赖医疗耗材,cn,300653,正海生物,4,国家重点扶持产业,第二梯队：新兴支柱产业,高端医疗器械,主营+行业映射,公司主营业务为口腔修复膜,口腔修复膜、脑膜系列产品,,医药生物,医疗器械,医疗耗材,2026-08-30复核：生产主营“口腔修复膜、脑膜系列产品”，行业分类“医药生物/医疗器械/医疗耗材”；归入高端医疗器械,20260830_NEW,False,
C_需人工复核,未在主营/新战略业务中找到高端医疗器械直接证据；当前主要依赖医疗耗材,cn,300677,英科医疗,4,国家重点扶持产业,第二梯队：新兴支柱产业,高端医疗器械,主营+行业映射,公司主营业务为个人防护类,个人防护类、康复护理类,,医药生物,医疗器械,医疗耗材,2026-08-30复核：生产主营“个人防护类、康复护理类”，行业分类“医药生物/医疗器械/医疗耗材”；归入高端医疗器械,20260830_NEW,False,
D_确认需修正,交易所披露的可比材料明确说明中石科技产品不含半导体封装材料且客户不涉及半导体封装环节，当前“集成电路材料”标签不成立,cn,300684,中石科技,3,用户常用,第三梯队：卡脖子底座,集成电路材料,主营+行业映射,公司主营业务为导热材料,导热材料、EMI屏蔽材料,,电子,电子化学品,电子化学品Ⅲ,2026-08-30复核：生产主营“导热材料、EMI屏蔽材料”，行业分类“电子/电子化学品/电子化学品Ⅲ”；归入集成电路材料,20260830_NEW,False,https://static.cninfo.com.cn/finalpage/2025-08-16/1224500367.PDF
C_需人工复核,未在主营/新战略业务中找到关键电子元器件直接证据；当前主要依赖消费电子零部件及组装,cn,300709,精研科技,4,国家重点扶持产业,第二梯队：新兴支柱产业,关键电子元器件,主营+行业映射,公司主营业务为MIM零部件及组件,MIM零部件及组件、精密塑胶零部件及组件、终端产品,,电子,消费电子,消费电子零部件及组装,2026-08-30复核：生产主营“MIM零部件及组件、精密塑胶零部件及组件、终端产品”，行业分类“电子/消费电子/消费电子零部件及组装”；归入关键电子元器件,20260830_NEW,False,
C_需人工复核,未在主营/新战略业务中找到关键电子元器件直接证据；当前主要依赖消费电子零部件及组装,cn,300735,光弘科技,4,国家重点扶持产业,第二梯队：新兴支柱产业,关键电子元器件,主营+行业映射,公司主营业务为消费电子类,消费电子类、汽车电子类,,电子,消费电子,消费电子零部件及组装,2026-08-30复核：生产主营“消费电子类、汽车电子类”，行业分类“电子/消费电子/消费电子零部件及组装”；归入关键电子元器件,20260830_NEW,False,
C_需人工复核,未在主营/新战略业务中找到关键电子元器件直接证据；当前主要依赖消费电子零部件及组装,cn,300784,利安科技,4,国家重点扶持产业,第二梯队：新兴支柱产业,关键电子元器件,主营+行业映射,公司主营业务为注塑产品,注塑产品、精密注塑模具,,电子,消费电子,消费电子零部件及组装,2026-08-30复核：生产主营“注塑产品、精密注塑模具”，行业分类“电子/消费电子/消费电子零部件及组装”；归入关键电子元器件,20260830_NEW,False,
C_需人工复核,未在主营/新战略业务中找到关键电子元器件直接证据；当前主要依赖消费电子零部件及组装,cn,300787,海能实业,4,国家重点扶持产业,第二梯队：新兴支柱产业,关键电子元器件,主营+行业映射,公司主营业务为电源适配器,互联、信号适配器、电源适配器,,电子,消费电子,消费电子零部件及组装,2026-08-30复核：生产主营“互联、信号适配器、电源适配器”，行业分类“电子/消费电子/消费电子零部件及组装”；归入关键电子元器件,20260830_NEW,False,
C_需人工复核,未在主营/新战略业务中找到关键电子元器件直接证据；当前主要依赖消费电子零部件及组装,cn,300793,佳禾智能,4,国家重点扶持产业,第二梯队：新兴支柱产业,关键电子元器件,主营+行业映射,公司主营业务为耳机,耳机、音箱、音频线,,电子,消费电子,消费电子零部件及组装,2026-08-30复核：生产主营“耳机、音箱、音频线”，行业分类“电子/消费电子/消费电子零部件及组装”；归入关键电子元器件,20260830_NEW,False,
D_确认需修正,定期报告确认主营LED移动/家居照明及小家电，不应归为新型显示,cn,300808,久量股份,4,国家重点扶持产业,第二梯队：新兴支柱产业,新型显示,主营+行业映射,公司主营业务为LED移动照明,LED移动照明、LED家居照明、移动家居小电器,,电子,光学光电子,LED,2026-08-30复核：生产主营“LED移动照明、LED家居照明、移动家居小电器”，行业分类“电子/光学光电子/LED”；归入新型显示,20260830_NEW,False,https://static.cninfo.com.cn/finalpage/2025-08-27/1224585874.PDF
C_需人工复核,未在主营/新战略业务中找到关键电子元器件直接证据；当前主要依赖消费电子零部件及组装,cn,300822,贝仕达克,4,国家重点扶持产业,第二梯队：新兴支柱产业,关键电子元器件,主营+行业映射,公司主营业务为智能控制器,智能控制器、智能产品、地板护理清洁工具,,电子,消费电子,消费电子零部件及组装,2026-08-30复核：生产主营“智能控制器、智能产品、地板护理清洁工具”，行业分类“电子/消费电子/消费电子零部件及组装”；归入关键电子元器件,20260830_NEW,False,
C_需人工复核,未在主营/新战略业务中找到先进材料直接证据；当前主要依赖光伏辅材,cn,300842,帝科股份,4,国家重点扶持产业,第三梯队：卡脖子底座,先进材料,旧批次人工复核,公司主营业务为光伏导电银浆,光伏导电银浆、存储芯片、半导体封装浆料,,电力设备,光伏设备,光伏辅材,Codex复核：结合主营业务将候选结果调整为先进材料,PREEXISTING,False,
C_需人工复核,未在主营/新战略业务中找到关键电子元器件直接证据；当前主要依赖消费电子零部件及组装,cn,300868,杰美特,4,国家重点扶持产业,第二梯队：新兴支柱产业,关键电子元器件,主营+行业映射,公司主营业务为智能手机保护类产品,智能手机保护类产品、平板电脑保护类产品,,电子,消费电子,消费电子零部件及组装,2026-08-30复核：生产主营“智能手机保护类产品、平板电脑保护类产品”，行业分类“电子/消费电子/消费电子零部件及组装”；归入关键电子元器件,20260830_NEW,False,
C_需人工复核,终端/配套业务是否纳入该产业需按政策口径和收入占比复核，暂不直接判错,cn,300909,汇创达,4,国家重点扶持产业,第二梯队：新兴支柱产业,新型显示,主营+行业映射,公司主营业务为信号传输元器件及组件,导光结构件及组件、信号传输元器件及组件、代工业务、新能源结构组件,,电子,光学光电子,面板,2026-08-30复核：生产主营“导光结构件及组件、信号传输元器件及组件、代工业务、新能源结构组件”，行业分类“电子/光学光电子/面板”；归入新型显示,20260830_NEW,False,
C_需人工复核,未在主营/新战略业务中找到关键电子元器件直接证据；当前主要依赖消费电子零部件及组装,cn,300916,朗特智能,4,国家重点扶持产业,第二梯队：新兴支柱产业,关键电子元器件,主营+行业映射,公司主营业务为智能控制器,智能产品、储能产品、智能控制器、智能家居及家电类、消费类电子,,电子,消费电子,消费电子零部件及组装,2026-08-30复核：生产主营“智能产品、储能产品、智能控制器、智能家居及家电类、消费类电子”，行业分类“电子/消费电子/消费电子零部件及组装”；归入关键电子元器件,20260830_NEW,False,
C_需人工复核,未在主营/新战略业务中找到关键电子元器件直接证据；当前主要依赖消费电子零部件及组装,cn,300951,博硕科技,4,国家重点扶持产业,第二梯队：新兴支柱产业,关键电子元器件,主营+行业映射,公司主营业务为精密功能件,精密功能件、智能自动化装备,,电子,消费电子,消费电子零部件及组装,2026-08-30复核：生产主营“精密功能件、智能自动化装备”，行业分类“电子/消费电子/消费电子零部件及组装”；归入关键电子元器件,20260830_NEW,False,
C_需人工复核,未在主营/新战略业务中找到关键电子元器件直接证据；当前主要依赖消费电子零部件及组装,cn,300968,格林精密,4,国家重点扶持产业,第二梯队：新兴支柱产业,关键电子元器件,主营+行业映射,公司主营业务为精密结构件,精密结构件、精密模具,,电子,消费电子,消费电子零部件及组装,2026-08-30复核：生产主营“精密结构件、精密模具”，行业分类“电子/消费电子/消费电子零部件及组装”；归入关键电子元器件,20260830_NEW,False,
C_需人工复核,未在主营/新战略业务中找到关键电子元器件直接证据；当前主要依赖消费电子零部件及组装,cn,300976,达瑞电子,4,国家重点扶持产业,第二梯队：新兴支柱产业,关键电子元器件,主营+行业映射,公司主营业务为消费电子功能性器件,3C智能装配自动化设备、新能源结构与功能性组件、消费电子功能性器件、电子产品结构性器件,,电子,消费电子,消费电子零部件及组装,2026-08-30复核：生产主营“3C智能装配自动化设备、新能源结构与功能性组件、消费电子功能性器件、电子产品结构性器件”，行业分类“电子/消费电子/消费电子零部件及组装”；归入关键电子元器件,20260830_NEW,False,
C_需人工复核,未在主营/新战略业务中找到高端医疗器械直接证据；当前主要依赖医疗耗材,cn,300981,中红医疗,4,国家重点扶持产业,第二梯队：新兴支柱产业,高端医疗器械,主营+行业映射,公司主营业务为健康防护产品,健康防护产品、安全注输产品、创新孵化产品,,医药生物,医疗器械,医疗耗材,2026-08-30复核：生产主营“健康防护产品、安全注输产品、创新孵化产品”，行业分类“医药生物/医疗器械/医疗耗材”；归入高端医疗器械,20260830_NEW,False,
C_需人工复核,未在主营/新战略业务中找到高端装备直接证据；当前主要依赖轨交设备Ⅲ,cn,301016,雷尔伟,4,国家重点扶持产业,第二梯队：新兴支柱产业,高端装备,主营+行业映射,公司主营业务为铝合金产品,不锈钢产品、机加工产品、电气类成品、碳钢产品、铝合金产品,,机械设备,轨交设备,轨交设备Ⅲ,2026-08-30复核：生产主营“不锈钢产品、机加工产品、电气类成品、碳钢产品、铝合金产品”，行业分类“机械设备/轨交设备/轨交设备Ⅲ”；归入高端装备,20260830_NEW,False,
C_需人工复核,未在主营/新战略业务中找到高端医疗器械直接证据；当前主要依赖医疗耗材,cn,301033,迈普医学,4,国家重点扶持产业,第二梯队：新兴支柱产业,高端医疗器械,主营+行业映射,公司主营业务为人工硬脑（脊）膜补片,人工硬脑（脊）膜补片、可吸收再生氧化纤维素及硬脑膜医用胶、颅颌面修补及固定系统,,医药生物,医疗器械,医疗耗材,2026-08-30复核：生产主营“人工硬脑（脊）膜补片、可吸收再生氧化纤维素及硬脑膜医用胶、颅颌面修补及固定系统”，行业分类“医药生物/医疗器械/医疗耗材”；归入高端医疗器械,20260830_NEW,False,
C_需人工复核,终端/配套业务是否纳入该产业需按政策口径和收入占比复核，暂不直接判错,cn,301045,天禄科技,4,国家重点扶持产业,第二梯队：新兴支柱产业,新型显示,主营+行业映射,公司主营业务为导光板,导光板、台式显示器、笔记本电脑、液晶电视、灯具、平板电脑,,电子,光学光电子,面板,2026-08-30复核：生产主营“导光板、台式显示器、笔记本电脑、液晶电视、灯具、平板电脑”，行业分类“电子/光学光电子/面板”；归入新型显示,20260830_NEW,False,
C_需人工复核,未在主营/新战略业务中找到关键电子元器件直接证据；当前主要依赖消费电子零部件及组装,cn,301051,信濠光电,4,国家重点扶持产业,第二梯队：新兴支柱产业,关键电子元器件,主营+行业映射,公司主营业务为智能手机与电脑类,户用系统、智能头显与智能穿戴类、智能手机与电脑类、汽车及智能座舱类、逆变器,,电子,消费电子,消费电子零部件及组装,2026-08-30复核：生产主营“户用系统、智能头显与智能穿戴类、智能手机与电脑类、汽车及智能座舱类、逆变器”，行业分类“电子/消费电子/消费电子零部件及组装”；归入关键电子元器件,20260830_NEW,False,
C_需人工复核,未在主营/新战略业务中找到关键电子元器件直接证据；当前主要依赖消费电子零部件及组装,cn,301067,显盈科技,4,国家重点扶持产业,第二梯队：新兴支柱产业,关键电子元器件,主营+行业映射,公司主营业务为信号转换拓展类产品,信号转换拓展类产品、模具及精密结构件、电源适配器,,电子,消费电子,消费电子零部件及组装,2026-08-30复核：生产主营“信号转换拓展类产品、模具及精密结构件、电源适配器”，行业分类“电子/消费电子/消费电子零部件及组装”；归入关键电子元器件,20260830_NEW,False,
C_需人工复核,未在主营/新战略业务中找到关键电子元器件直接证据；当前主要依赖消费电子零部件及组装,cn,301086,鸿富瀚,4,国家重点扶持产业,第二梯队：新兴支柱产业,关键电子元器件,主营+行业映射,公司主营业务为消费电子产品功能性器件,消费电子产品功能性器件、自动化设备及相关产品,,电子,消费电子,消费电子零部件及组装,2026-08-30复核：生产主营“消费电子产品功能性器件、自动化设备及相关产品”，行业分类“电子/消费电子/消费电子零部件及组装”；归入关键电子元器件,20260830_NEW,False,
C_需人工复核,未在主营/新战略业务中找到高端医疗器械直接证据；当前主要依赖医疗耗材,cn,301087,可孚医疗,4,国家重点扶持产业,第二梯队：新兴支柱产业,高端医疗器械,主营+行业映射,公司主营业务为康复辅具类产品,康复辅具类产品、医疗护理类产品、健康监测类产品、呼吸支持类产品,,医药生物,医疗器械,医疗耗材,2026-08-30复核：生产主营“康复辅具类产品、医疗护理类产品、健康监测类产品、呼吸支持类产品”，行业分类“医药生物/医疗器械/医疗耗材”；归入高端医疗器械,20260830_NEW,False,
C_需人工复核,未在主营/新战略业务中找到高端医疗器械直接证据；当前主要依赖医疗耗材,cn,301093,华兰股份,4,国家重点扶持产业,第二梯队：新兴支柱产业,高端医疗器械,主营+行业映射,公司主营业务为常规胶塞,覆膜胶塞、常规胶塞,,医药生物,医疗器械,医疗耗材,2026-08-30复核：生产主营“覆膜胶塞、常规胶塞”，行业分类“医药生物/医疗器械/医疗耗材”；归入高端医疗器械,20260830_NEW,False,
C_需人工复核,未在主营/新战略业务中找到高端医疗器械直接证据；当前主要依赖医疗耗材,cn,301097,天益医疗,4,国家重点扶持产业,第二梯队：新兴支柱产业,高端医疗器械,主营+行业映射,公司主营业务为血液净化类,血液净化类、病房护理类,,医药生物,医疗器械,医疗耗材,2026-08-30复核：生产主营“血液净化类、病房护理类”，行业分类“医药生物/医疗器械/医疗耗材”；归入高端医疗器械,20260830_NEW,False,
C_需人工复核,未在主营/新战略业务中找到高端医疗器械直接证据；当前主要依赖医疗耗材,cn,301122,采纳股份,4,国家重点扶持产业,第二梯队：新兴支柱产业,高端医疗器械,主营+行业映射,公司主营业务为注射器,注射器、穿刺针、实验室耗材,,医药生物,医疗器械,医疗耗材,2026-08-30复核：生产主营“注射器、穿刺针、实验室耗材”，行业分类“医药生物/医疗器械/医疗耗材”；归入高端医疗器械,20260830_NEW,False,
C_需人工复核,未在主营/新战略业务中找到关键电子元器件直接证据；当前主要依赖消费电子零部件及组装,cn,301180,万祥科技,4,国家重点扶持产业,第二梯队：新兴支柱产业,关键电子元器件,主营+行业映射,公司主营业务为消费电子类产品,动力/储能类产品、消费电子类产品,,电子,消费电子,消费电子零部件及组装,2026-08-30复核：生产主营“动力/储能类产品、消费电子类产品”，行业分类“电子/消费电子/消费电子零部件及组装”；归入关键电子元器件,20260830_NEW,False,
C_需人工复核,未在主营/新战略业务中找到高端医疗器械直接证据；当前主要依赖医疗耗材,cn,301188,力诺药包,4,国家重点扶持产业,第二梯队：新兴支柱产业,高端医疗器械,主营+行业映射,公司主营业务为耐热玻璃,耐热玻璃、药用玻璃,,医药生物,医疗器械,医疗耗材,2026-08-30复核：生产主营“耐热玻璃、药用玻璃”，行业分类“医药生物/医疗器械/医疗耗材”；归入高端医疗器械,20260830_NEW,False,
C_需人工复核,未在主营/新战略业务中找到高端医疗器械直接证据；当前主要依赖医疗耗材,cn,301234,五洲医疗,4,国家重点扶持产业,第二梯队：新兴支柱产业,高端医疗器械,主营+行业映射,公司主营业务为注射器,注射器、医用穿刺针、输液输血器,,医药生物,医疗器械,医疗耗材,2026-08-30复核：生产主营“注射器、医用穿刺针、输液输血器”，行业分类“医药生物/医疗器械/医疗耗材”；归入高端医疗器械,20260830_NEW,False,
C_需人工复核,未在主营/新战略业务中找到集成电路材料直接证据；当前主要依赖电子化学品Ⅲ,cn,301319,唯特偶,4,国家重点扶持产业,第三梯队：卡脖子底座,集成电路材料,主营+行业映射,公司主营业务为微电子焊接材料,微电子焊接材料、辅助焊接材料,,电子,电子化学品,电子化学品Ⅲ,2026-08-30复核：生产主营“微电子焊接材料、辅助焊接材料”，行业分类“电子/电子化学品/电子化学品Ⅲ”；归入集成电路材料,20260830_NEW,False,
C_需人工复核,未在主营/新战略业务中找到关键电子元器件直接证据；当前主要依赖消费电子零部件及组装,cn,301326,捷邦科技,4,国家重点扶持产业,第二梯队：新兴支柱产业,关键电子元器件,主营+行业映射,公司主营业务为精密功能件及结构件,精密功能件及结构件、碳纳米管,,电子,消费电子,消费电子零部件及组装,2026-08-30复核：生产主营“精密功能件及结构件、碳纳米管”，行业分类“电子/消费电子/消费电子零部件及组装”；归入关键电子元器件,20260830_NEW,False,
C_需人工复核,未在主营/新战略业务中找到高端医疗器械直接证据；当前主要依赖医疗耗材,cn,301370,国科恒泰,4,国家重点扶持产业,第二梯队：新兴支柱产业,高端医疗器械,主营+行业映射,公司主营业务为血管介入治疗类材料,口腔材料、神经外科材料、血管介入治疗类材料、非血管介入治疗类材料、骨科材料,,医药生物,医疗器械,医疗耗材,2026-08-30复核：生产主营“口腔材料、神经外科材料、血管介入治疗类材料、非血管介入治疗类材料、骨科材料”，行业分类“医药生物/医疗器械/医疗耗材”；归入高端医疗器械,20260830_NEW,False,
C_需人工复核,未在主营/新战略业务中找到关键电子元器件直接证据；当前主要依赖消费电子零部件及组装,cn,301383,天键股份,4,国家重点扶持产业,第二梯队：新兴支柱产业,关键电子元器件,主营+行业映射,公司主营业务为耳机产品,耳机产品,,电子,消费电子,消费电子零部件及组装,2026-08-30复核：生产主营“耳机产品”，行业分类“电子/消费电子/消费电子零部件及组装”；归入关键电子元器件,20260830_NEW,False,
C_需人工复核,未在主营/新战略业务中找到关键电子元器件直接证据；当前主要依赖消费电子零部件及组装,cn,301387,光大同创,4,国家重点扶持产业,第二梯队：新兴支柱产业,关键电子元器件,主营+行业映射,公司主营业务为功能类产品,防护类产品、功能类产品,,电子,消费电子,消费电子零部件及组装,2026-08-30复核：生产主营“防护类产品、功能类产品”，行业分类“电子/消费电子/消费电子零部件及组装”；归入关键电子元器件,20260830_NEW,False,
C_需人工复核,未在主营/新战略业务中找到关键电子元器件直接证据；当前主要依赖消费电子零部件及组装,cn,301389,隆扬电子,4,国家重点扶持产业,第二梯队：新兴支柱产业,关键电子元器件,主营+行业映射,公司主营业务为电磁屏蔽材料,电磁屏蔽材料、绝缘材料,,电子,消费电子,消费电子零部件及组装,2026-08-30复核：生产主营“电磁屏蔽材料、绝缘材料”，行业分类“电子/消费电子/消费电子零部件及组装”；归入关键电子元器件,20260830_NEW,False,
C_需人工复核,未在主营/新战略业务中找到集成电路材料直接证据；当前主要依赖电子化学品Ⅲ,cn,301489,思泉新材,4,国家重点扶持产业,第三梯队：卡脖子底座,集成电路材料,主营+行业映射,公司主营业务为热管理材料,热管理材料、磁性材料、纳米防护材料,,电子,电子化学品,电子化学品Ⅲ,2026-08-30复核：生产主营“热管理材料、磁性材料、纳米防护材料”，行业分类“电子/电子化学品/电子化学品Ⅲ”；归入集成电路材料,20260830_NEW,False,
C_需人工复核,未在主营/新战略业务中找到关键电子元器件直接证据；当前主要依赖消费电子零部件及组装,cn,301567,贝隆精密,4,国家重点扶持产业,第二梯队：新兴支柱产业,关键电子元器件,主营+行业映射,公司主营业务为智能手机精密结构件,智能手机精密结构件、非智能手机精密结构件,,电子,消费电子,消费电子零部件及组装,2026-08-30复核：生产主营“智能手机精密结构件、非智能手机精密结构件”，行业分类“电子/消费电子/消费电子零部件及组装”；归入关键电子元器件,20260830_NEW,False,
C_需人工复核,未在主营/新战略业务中找到高端医疗器械直接证据；当前主要依赖医疗耗材,cn,301580,爱迪特,4,国家重点扶持产业,第二梯队：新兴支柱产业,高端医疗器械,主营+行业映射,公司主营业务为口腔修复材料,口腔修复材料、氧化锆瓷块、口腔数字化设备,,医药生物,医疗器械,医疗耗材,2026-08-30复核：生产主营“口腔修复材料、氧化锆瓷块、口腔数字化设备”，行业分类“医药生物/医疗器械/医疗耗材”；归入高端医疗器械,20260830_NEW,False,
C_需人工复核,未在主营/新战略业务中找到关键电子元器件直接证据；当前主要依赖消费电子零部件及组装,cn,301626,苏州天脉,4,国家重点扶持产业,第二梯队：新兴支柱产业,关键电子元器件,主营+行业映射,公司主营业务为热管理材料及器件,热管理材料及器件,,电子,消费电子,消费电子零部件及组装,2026-08-30复核：生产主营“热管理材料及器件”，行业分类“电子/消费电子/消费电子零部件及组装”；归入关键电子元器件,20260830_NEW,False,
C_需人工复核,未在主营/新战略业务中找到关键电子元器件直接证据；当前主要依赖消费电子零部件及组装,cn,600130,波导股份,4,国家重点扶持产业,第二梯队：新兴支柱产业,关键电子元器件,主营+行业映射,公司主营业务为车载中控板,车载中控板,,电子,消费电子,消费电子零部件及组装,2026-08-30复核：生产主营“车载中控板”，行业分类“电子/消费电子/消费电子零部件及组装”；归入关键电子元器件,20260830_NEW,False,
C_需人工复核,未在主营/新战略业务中找到关键电子元器件直接证据；当前主要依赖消费电子零部件及组装,cn,600203,福日电子,4,国家重点扶持产业,第二梯队：新兴支柱产业,关键电子元器件,主营+行业映射,公司主营业务为智能终端,智能终端、LED光电、贸易类,新能源汽车零部件,电子,消费电子,消费电子零部件及组装,2026-08-30复核：生产主营“智能终端、LED光电、贸易类”，行业分类“电子/消费电子/消费电子零部件及组装”；归入关键电子元器件,20260830_NEW,False,
C_需人工复核,未在主营/新战略业务中找到高端装备直接证据；当前主要依赖横向通用软件,cn,600288,大恒科技,4,国家重点扶持产业,第二梯队：新兴支柱产业,高端装备,主营/战略文本,公司主营业务为机器视觉及信息技术,机器视觉及信息技术、光机电一体化产品、电视数字网络编辑及播放系统,智能制造装备,计算机,软件开发,横向通用软件,2026-08-30复核：生产新战略业务“智能制造装备”命中“智能制造装备”；归入高端装备,20260830_NEW,False,
C_需人工复核,未在主营/新战略业务中找到集成电路材料直接证据；当前主要依赖电子化学品Ⅲ,cn,600330,天通股份,4,国家重点扶持产业,第三梯队：卡脖子底座,集成电路材料,主营+行业映射,公司主营业务为电子材料制造及销售,专用装备制造及安装、电子材料制造及销售,新能源材料,电子,电子化学品,电子化学品Ⅲ,2026-08-30复核：生产主营“专用装备制造及安装、电子材料制造及销售”，行业分类“电子/电子化学品/电子化学品Ⅲ”；归入集成电路材料,20260830_NEW,False,
C_需人工复核,未在主营/新战略业务中找到高端医疗器械直接证据；当前主要依赖医疗耗材,cn,600529,山东药玻,4,国家重点扶持产业,第二梯队：新兴支柱产业,高端医疗器械,主营+行业映射,公司主营业务为包装制品,分部间抵销、包装制品、服务业、桶装水、物流、贸易,中性硼硅玻璃,医药生物,医疗器械,医疗耗材,2026-08-30复核：生产主营“分部间抵销、包装制品、服务业、桶装水、物流、贸易”，行业分类“医药生物/医疗器械/医疗耗材”；归入高端医疗器械,20260830_NEW,False,
C_需人工复核,未在主营/新战略业务中找到高端装备直接证据；当前主要依赖楼宇设备,cn,600835,上海机电,4,国家重点扶持产业,第二梯队：新兴支柱产业,高端装备,主营/战略文本,公司主营业务为电梯业务,印刷包装业务、能源工程业务、液压机械业务、电梯业务、电梯设备销售,智能制造装备,机械设备,专用设备,楼宇设备,2026-08-30复核：生产新战略业务“智能制造装备”命中“智能制造装备”；归入高端装备,20260830_NEW,False,
C_需人工复核,未在主营/新战略业务中找到关键电子元器件直接证据；当前主要依赖消费电子零部件及组装,cn,601231,环旭电子,4,国家重点扶持产业,第二梯队：新兴支柱产业,关键电子元器件,主营+行业映射,公司主营业务为通讯类产品,通讯类产品、消费电子类产品、工业类产品、云端及存储类产品、汽车电子类产品、医疗类产品,,电子,消费电子,消费电子零部件及组装,2026-08-30复核：生产主营“通讯类产品、消费电子类产品、工业类产品、云端及存储类产品、汽车电子类产品、医疗类产品”，行业分类“电子/消费电子/消费电子零部件及组装”；归入关键电子元器件,20260830_NEW,False,
C_需人工复核,未在主营/新战略业务中找到高端仪器直接证据；当前主要依赖仪器仪表,cn,603100,川仪股份,4,国家重点扶持产业,第三梯队：卡脖子底座,高端仪器,旧批次人工复核,公司主营业务为工业自动化仪表及装置,工业自动化仪表及装置、进出口业务、复合材料、电子器件,,机械设备,通用设备,仪器仪表,Codex复核：结合主营业务将候选结果调整为高端仪器,PREEXISTING,False,
C_需人工复核,未在主营/新战略业务中找到高端医疗器械直接证据；当前主要依赖医疗耗材,cn,603205,健尔康,4,国家重点扶持产业,第二梯队：新兴支柱产业,高端医疗器械,主营+行业映射,公司主营业务为护理类,手术耗材类、护理类、消毒清洁类、高分子及辅助类,,医药生物,医疗器械,医疗耗材,2026-08-30复核：生产主营“手术耗材类、护理类、消毒清洁类、高分子及辅助类”，行业分类“医药生物/医疗器械/医疗耗材”；归入高端医疗器械,20260830_NEW,False,
D_确认需修正,主营智能终端、高性能计算和AI服务器，当前“关键电子元器件”三级标签不准确，应改为智能终端/先进计算,cn,603296,华勤技术,3,用户常用,第二梯队：新兴支柱产业,关键电子元器件,主营+行业映射,公司主营业务为高性能计算,高性能计算、智能终端、汽车及工业产品,,电子,消费电子,消费电子零部件及组装,2026-08-30复核：生产主营“高性能计算、智能终端、汽车及工业产品”，行业分类“电子/消费电子/消费电子零部件及组装”；归入关键电子元器件,20260830_NEW,False,https://static.cninfo.com.cn/finalpage/2025-08-28/1224592196.PDF
C_需人工复核,未在主营/新战略业务中找到高端医疗器械直接证据；当前主要依赖医疗耗材,cn,603301,振德医疗,4,国家重点扶持产业,第二梯队：新兴支柱产业,高端医疗器械,主营+行业映射,公司主营业务为手术感控,基础护理、手术感控、压力治疗与固定、造口及现代伤口护理、感控防护,,医药生物,医疗器械,医疗耗材,2026-08-30复核：生产主营“基础护理、手术感控、压力治疗与固定、造口及现代伤口护理、感控防护”，行业分类“医药生物/医疗器械/医疗耗材”；归入高端医疗器械,20260830_NEW,False,
C_需人工复核,未在主营/新战略业务中找到高端医疗器械直接证据；当前主要依赖医疗耗材,cn,603309,维力医疗,4,国家重点扶持产业,第二梯队：新兴支柱产业,高端医疗器械,主营+行业映射,公司主营业务为麻醉,麻醉、导尿、泌尿外科、护理、呼吸、血液透析,,医药生物,医疗器械,医疗耗材,2026-08-30复核：生产主营“麻醉、导尿、泌尿外科、护理、呼吸、血液透析”，行业分类“医药生物/医疗器械/医疗耗材”；归入高端医疗器械,20260830_NEW,False,
C_需人工复核,未在主营/新战略业务中找到关键电子元器件直接证据；当前主要依赖消费电子零部件及组装,cn,603327,福蓉科技,4,国家重点扶持产业,第二梯队：新兴支柱产业,关键电子元器件,主营+行业映射,公司主营业务为消费电子铝型材,消费电子铝型材,,电子,消费电子,消费电子零部件及组装,2026-08-30复核：生产主营“消费电子铝型材”，行业分类“电子/消费电子/消费电子零部件及组装”；归入关键电子元器件,20260830_NEW,False,
C_需人工复核,未在主营/新战略业务中找到关键电子元器件直接证据；当前主要依赖消费电子零部件及组装,cn,603341,龙旗科技,4,国家重点扶持产业,第二梯队：新兴支柱产业,关键电子元器件,主营+行业映射,公司主营业务为智能手机,智能手机、平板电脑、AIoT产品,,电子,消费电子,消费电子零部件及组装,2026-08-30复核：生产主营“智能手机、平板电脑、AIoT产品”，行业分类“电子/消费电子/消费电子零部件及组装”；归入关键电子元器件,20260830_NEW,False,
C_需人工复核,未在主营/新战略业务中找到高端装备直接证据；当前主要依赖轨交设备Ⅲ,cn,603500,祥和实业,4,国家重点扶持产业,第二梯队：新兴支柱产业,高端装备,主营+行业映射,公司主营业务为轨道交通相关产品及零部件,轨道交通相关产品及零部件、电子元器件配件、高分子改性材料、无人机配套产品,,机械设备,轨交设备,轨交设备Ⅲ,2026-08-30复核：生产主营“轨道交通相关产品及零部件、电子元器件配件、高分子改性材料、无人机配套产品”，行业分类“机械设备/轨交设备/轨交设备Ⅲ”；归入高端装备,20260830_NEW,False,
C_需人工复核,未在主营/新战略业务中找到关键电子元器件直接证据；当前主要依赖消费电子零部件及组装,cn,603626,科森科技,4,国家重点扶持产业,第二梯队：新兴支柱产业,关键电子元器件,主营+行业映射,公司主营业务为消费电子产品结构件,消费电子产品结构件、医疗手术器械结构件,,电子,消费电子,消费电子零部件及组装,2026-08-30复核：生产主营“消费电子产品结构件、医疗手术器械结构件”，行业分类“电子/消费电子/消费电子零部件及组装”；归入关键电子元器件,20260830_NEW,False,
D_确认需修正,主营照明产品研发制造，不应归为新型显示,cn,603679,华体科技,4,国家重点扶持产业,第二梯队：新兴支柱产业,新型显示,主营+行业映射,公司主营业务为照明产品研发制造,照明产品研发制造、工程项目安装、锂矿加工销售、锂电池销售,,电子,光学光电子,LED,2026-08-30复核：生产主营“照明产品研发制造、工程项目安装、锂矿加工销售、锂电池销售”，行业分类“电子/光学光电子/LED”；归入新型显示,20260830_NEW,False,
C_需人工复核,未在主营/新战略业务中找到高端医疗器械直接证据；当前主要依赖医疗耗材,cn,603880,南卫股份,4,国家重点扶持产业,第二梯队：新兴支柱产业,高端医疗器械,主营+行业映射,公司主营业务为创可贴,创可贴、贴膏剂、敷贴、胶布胶带及绷带、急救包、防护用品,,医药生物,医疗器械,医疗耗材,2026-08-30复核：生产主营“创可贴、贴膏剂、敷贴、胶布胶带及绷带、急救包、防护用品”，行业分类“医药生物/医疗器械/医疗耗材”；归入高端医疗器械,20260830_NEW,False,
C_需人工复核,未在主营/新战略业务中找到关键电子元器件直接证据；当前主要依赖消费电子零部件及组装,cn,603890,春秋电子,4,国家重点扶持产业,第二梯队：新兴支柱产业,关键电子元器件,主营+行业映射,公司主营业务为PC及智能终端结构件,PC及智能终端结构件、模具、通讯电子,,电子,消费电子,消费电子零部件及组装,2026-08-30复核：生产主营“PC及智能终端结构件、模具、通讯电子”，行业分类“电子/消费电子/消费电子零部件及组装”；归入关键电子元器件,20260830_NEW,False,
C_需人工复核,未在主营/新战略业务中找到高端医疗器械直接证据；当前主要依赖医疗耗材,cn,603976,正川股份,4,国家重点扶持产业,第二梯队：新兴支柱产业,高端医疗器械,主营+行业映射,公司主营业务为硼硅玻璃管制瓶,硼硅玻璃管制瓶、钠钙玻璃管制瓶、瓶盖,,医药生物,医疗器械,医疗耗材,2026-08-30复核：生产主营“硼硅玻璃管制瓶、钠钙玻璃管制瓶、瓶盖”，行业分类“医药生物/医疗器械/医疗耗材”；归入高端医疗器械,20260830_NEW,False,
C_需人工复核,未在主营/新战略业务中找到高端医疗器械直接证据；当前主要依赖医疗耗材,cn,603987,康德莱,4,国家重点扶持产业,第二梯队：新兴支柱产业,高端医疗器械,主营+行业映射,公司主营业务为穿刺护理类,标本采集类、穿刺护理类、穿刺介入类、医美类,,医药生物,医疗器械,医疗耗材,2026-08-30复核：生产主营“标本采集类、穿刺护理类、穿刺介入类、医美类”，行业分类“医药生物/医疗器械/医疗耗材”；归入高端医疗器械,20260830_NEW,False,
C_需人工复核,未在主营/新战略业务中找到关键电子元器件直接证据；当前主要依赖消费电子零部件及组装,cn,605277,新亚电子,4,国家重点扶持产业,第二梯队：新兴支柱产业,关键电子元器件,主营+行业映射,公司主营业务为消费电子及工业控制线材,消费电子及工业控制线材、通信线缆及数据线材、新能源系列线缆及组件、汽车线缆,,电子,消费电子,消费电子零部件及组装,2026-08-30复核：生产主营“消费电子及工业控制线材、通信线缆及数据线材、新能源系列线缆及组件、汽车线缆”，行业分类“电子/消费电子/消费电子零部件及组装”；归入关键电子元器件,20260830_NEW,False,
C_需人工复核,未在主营/新战略业务中找到高端医疗器械直接证据；当前主要依赖医疗耗材,cn,605369,拱东医疗,4,国家重点扶持产业,第二梯队：新兴支柱产业,高端医疗器械,主营+行业映射,公司主营业务为医疗检测类,医疗检测类、血液收集类、采集类、医用护理类、药品包装类,,医药生物,医疗器械,医疗耗材,2026-08-30复核：生产主营“医疗检测类、血液收集类、采集类、医用护理类、药品包装类”，行业分类“医药生物/医疗器械/医疗耗材”；归入高端医疗器械,20260830_NEW,False,
C_需人工复核,未在主营/新战略业务中找到高端医疗器械直接证据；当前主要依赖医疗耗材,cn,688013,天臣医疗,4,国家重点扶持产业,第二梯队：新兴支柱产业,高端医疗器械,主营+行业映射,公司主营业务为腔镜吻合器类,腔镜吻合器类、管型吻合器类、线型切割吻合器类、荷包吻合器类、线型缝合吻合器类,,医药生物,医疗器械,医疗耗材,2026-08-30复核：生产主营“腔镜吻合器类、管型吻合器类、线型切割吻合器类、荷包吻合器类、线型缝合吻合器类”，行业分类“医药生物/医疗器械/医疗耗材”；归入高端医疗器械,20260830_NEW,False,
C_需人工复核,未在主营/新战略业务中找到高端医疗器械直接证据；当前主要依赖医疗耗材,cn,688016,心脉医疗,4,国家重点扶持产业,第二梯队：新兴支柱产业,高端医疗器械,主营+行业映射,公司主营业务为主动脉支架类,主动脉支架类,,医药生物,医疗器械,医疗耗材,2026-08-30复核：生产主营“主动脉支架类”，行业分类“医药生物/医疗器械/医疗耗材”；归入高端医疗器械,20260830_NEW,False,
C_需人工复核,未在主营/新战略业务中找到高端医疗器械直接证据；当前主要依赖医疗耗材,cn,688026,洁特生物,4,国家重点扶持产业,第二梯队：新兴支柱产业,高端医疗器械,主营+行业映射,公司主营业务为液体处理类,生物培养类、液体处理类,,医药生物,医疗器械,医疗耗材,2026-08-30复核：生产主营“生物培养类、液体处理类”，行业分类“医药生物/医疗器械/医疗耗材”；归入高端医疗器械,20260830_NEW,False,
C_需人工复核,未在主营/新战略业务中找到高端医疗器械直接证据；当前主要依赖医疗耗材,cn,688029,南微医学,4,国家重点扶持产业,第二梯队：新兴支柱产业,高端医疗器械,主营+行业映射,公司主营业务为内镜耗材类,内镜耗材类、肿瘤介入类、可视化类,,医药生物,医疗器械,医疗耗材,2026-08-30复核：生产主营“内镜耗材类、肿瘤介入类、可视化类”，行业分类“医药生物/医疗器械/医疗耗材”；归入高端医疗器械,20260830_NEW,False,
C_需人工复核,未在主营/新战略业务中找到集成电路材料直接证据；当前主要依赖电子化学品Ⅲ,cn,688035,德邦科技,4,国家重点扶持产业,第三梯队：卡脖子底座,集成电路材料,旧批次人工复核,公司主营业务为新能源应用材料,集成电路封装材料、智能终端封装材料、新能源应用材料、高端装备应用材料,,电子,电子化学品,电子化学品Ⅲ,Codex复核：结合主营业务将候选结果调整为集成电路材料,PREEXISTING,False,
C_需人工复核,未在主营/新战略业务中找到高端医疗器械直接证据；当前主要依赖医疗耗材,cn,688050,爱博医疗,4,国家重点扶持产业,第二梯队：新兴支柱产业,高端医疗器械,主营+行业映射,公司主营业务为人工晶状体,人工晶状体、角膜塑形镜、隐形眼镜,,医药生物,医疗器械,医疗耗材,2026-08-30复核：生产主营“人工晶状体、角膜塑形镜、隐形眼镜”，行业分类“医药生物/医疗器械/医疗耗材”；归入高端医疗器械,20260830_NEW,False,
C_需人工复核,未在主营/新战略业务中找到高端医疗器械直接证据；当前主要依赖医疗耗材,cn,688085,三友医疗,4,国家重点扶持产业,第二梯队：新兴支柱产业,高端医疗器械,主营+行业映射,公司主营业务为脊柱类植入耗材,脊柱类植入耗材、创伤类植入耗材、有源设备,,医药生物,医疗器械,医疗耗材,2026-08-30复核：生产主营“脊柱类植入耗材、创伤类植入耗材、有源设备”，行业分类“医药生物/医疗器械/医疗耗材”；归入高端医疗器械,20260830_NEW,False,
C_需人工复核,未在主营/新战略业务中找到集成电路材料直接证据；当前主要依赖电子化学品Ⅲ,cn,688106,金宏气体,4,国家重点扶持产业,第三梯队：卡脖子底座,集成电路材料,主营+行业映射,公司主营业务为大宗气体,大宗气体、特种气体、现场制气及租金、燃气,,电子,电子化学品,电子化学品Ⅲ,2026-08-30复核：生产主营“大宗气体、特种气体、现场制气及租金、燃气”，行业分类“电子/电子化学品/电子化学品Ⅲ”；归入集成电路材料,20260830_NEW,False,
C_需人工复核,未在主营/新战略业务中找到高端医疗器械直接证据；当前主要依赖医疗耗材,cn,688108,赛诺医疗,4,国家重点扶持产业,第二梯队：新兴支柱产业,高端医疗器械,主营+行业映射,公司主营业务为支架,支架、球囊,,医药生物,医疗器械,医疗耗材,2026-08-30复核：生产主营“支架、球囊”，行业分类“医药生物/医疗器械/医疗耗材”；归入高端医疗器械,20260830_NEW,False,
C_需人工复核,未在主营/新战略业务中找到高端医疗器械直接证据；当前主要依赖医疗耗材,cn,688151,华强科技,4,国家重点扶持产业,第二梯队：新兴支柱产业,高端医疗器械,主营+行业映射,公司主营业务为药用丁基胶塞,个体防护装备、集体防护装备、药用丁基胶塞,,医药生物,医疗器械,医疗耗材,2026-08-30复核：生产主营“个体防护装备、集体防护装备、药用丁基胶塞”，行业分类“医药生物/医疗器械/医疗耗材”；归入高端医疗器械,20260830_NEW,False,
C_需人工复核,未在主营/新战略业务中找到高端医疗器械直接证据；当前主要依赖医疗耗材,cn,688161,威高骨科,4,国家重点扶持产业,第二梯队：新兴支柱产业,高端医疗器械,主营+行业映射,公司主营业务为关节,脊柱、创伤、关节、运动医学和组织修复,,医药生物,医疗器械,医疗耗材,2026-08-30复核：生产主营“脊柱、创伤、关节、运动医学和组织修复”，行业分类“医药生物/医疗器械/医疗耗材”；归入高端医疗器械,20260830_NEW,False,
D_确认需修正,核心为激光切割控制软件与控制系统，当前“先进计算与信息设备”不准确，应归工业软件,cn,688188,柏楚电子,3,用户常用,第二梯队：新兴支柱产业,先进计算与信息设备,主营+行业映射,公司主营业务为平面解决方案,平面解决方案、管材解决方案、三维解决方案,,计算机,计算机设备,其他计算机设备,2026-08-30复核：生产主营“平面解决方案、管材解决方案、三维解决方案”，行业分类“计算机/计算机设备/其他计算机设备”；归入先进计算与信息设备,20260830_NEW,False,https://static.sse.com.cn/stock/disclosure/announcement/c/202603/002062_20260331_EQGA.pdf
C_需人工复核,未在主营/新战略业务中找到关键电子元器件直接证据；当前主要依赖消费电子零部件及组装,cn,688210,统联精密,4,国家重点扶持产业,第二梯队：新兴支柱产业,关键电子元器件,主营+行业映射,公司主营业务为其他金属工艺制品及塑胶产品,MIM产品、模治具及设备,,电子,消费电子,消费电子零部件及组装,2026-08-30复核：生产主营“MIM产品、模治具及设备”，行业分类“电子/消费电子/消费电子零部件及组装”；归入关键电子元器件,20260830_NEW,False,
C_需人工复核,未在主营/新战略业务中找到关键电子元器件直接证据；当前主要依赖消费电子零部件及组装,cn,688260,昀冢科技,4,国家重点扶持产业,第二梯队：新兴支柱产业,关键电子元器件,主营+行业映射,公司主营业务为CMI件,CMI件,,电子,消费电子,消费电子零部件及组装,2026-08-30复核：生产主营“CMI件”，行业分类“电子/消费电子/消费电子零部件及组装”；归入关键电子元器件,20260830_NEW,False,
C_需人工复核,未在主营/新战略业务中找到集成电路材料直接证据；当前主要依赖电子化学品Ⅲ,cn,688268,华特气体,4,国家重点扶持产业,第三梯队：卡脖子底座,集成电路材料,主营+行业映射,公司主营业务为光刻及其他混合气体,普通工业气体、氟碳类、氢化物、氮氧化合物、碳氧化合物,,电子,电子化学品,电子化学品Ⅲ,2026-08-30复核：生产主营“普通工业气体、氟碳类、氢化物、氮氧化合物、碳氧化合物”，行业分类“电子/电子化学品/电子化学品Ⅲ”；归入集成电路材料,20260830_NEW,False,
C_需人工复核,未在主营/新战略业务中找到高端装备直接证据；当前主要依赖其他自动化设备,cn,688306,均普智能,4,国家重点扶持产业,第二梯队：新兴支柱产业,高端装备,主营/战略文本,公司主营业务为智能制造装备产品,智能制造装备产品,,机械设备,自动化设备,其他自动化设备,2026-08-30复核：生产主营业务“智能制造装备产品”命中“智能制造装备”；归入高端装备,20260830_NEW,False,
C_需人工复核,未在主营/新战略业务中找到高端医疗器械直接证据；当前主要依赖医疗耗材,cn,688314,康拓医疗,4,国家重点扶持产业,第二梯队：新兴支柱产业,高端医疗器械,主营+行业映射,公司主营业务为PEEK材料神经外科产品,PEEK材料神经外科产品、钛材料神经外科产品,,医药生物,医疗器械,医疗耗材,2026-08-30复核：生产主营“PEEK材料神经外科产品、钛材料神经外科产品”，行业分类“医药生物/医疗器械/医疗耗材”；归入高端医疗器械,20260830_NEW,False,
C_需人工复核,未在主营/新战略业务中找到高端医疗器械直接证据；当前主要依赖医疗耗材,cn,688351,微电生理,4,国家重点扶持产业,第二梯队：新兴支柱产业,高端医疗器械,主营+行业映射,公司主营业务为导管类产品,导管类产品、设备类产品,,医药生物,医疗器械,医疗耗材,2026-08-30复核：生产主营“导管类产品、设备类产品”，行业分类“医药生物/医疗器械/医疗耗材”；归入高端医疗器械,20260830_NEW,False,
D_确认需修正,主营PCB电镀化学品，当前“集成电路材料”口径过窄且不准确,cn,688359,三孚新科,4,国家重点扶持产业,第三梯队：卡脖子底座,集成电路材料,主营+行业映射,公司主营业务为电子化学品,电子化学品、通用电镀化学品、设备及设备构件,,电子,电子化学品,电子化学品Ⅲ,2026-08-30复核：生产主营“电子化学品、通用电镀化学品、设备及设备构件”，行业分类“电子/电子化学品/电子化学品Ⅲ”；归入集成电路材料,20260830_NEW,False,
C_需人工复核,未在主营/新战略业务中找到高端医疗器械直接证据；当前主要依赖医疗耗材,cn,688366,昊海生科,4,国家重点扶持产业,第二梯队：新兴支柱产业,高端医疗器械,主营+行业映射,公司主营业务为医疗美容与创面护理产品,医疗美容与创面护理产品、眼科产品、骨科产品、防粘连及止血产品,,医药生物,医疗器械,医疗耗材,2026-08-30复核：生产主营“医疗美容与创面护理产品、眼科产品、骨科产品、防粘连及止血产品”，行业分类“医药生物/医疗器械/医疗耗材”；归入高端医疗器械,20260830_NEW,False,
C_需人工复核,未在主营/新战略业务中找到集成电路材料直接证据；当前主要依赖电子化学品Ⅲ,cn,688371,菲沃泰,4,国家重点扶持产业,第三梯队：卡脖子底座,集成电路材料,主营+行业映射,公司主营业务为纳米薄膜产品,纳米薄膜产品,,电子,电子化学品,电子化学品Ⅲ,2026-08-30复核：生产主营“纳米薄膜产品”，行业分类“电子/电子化学品/电子化学品Ⅲ”；归入集成电路材料,20260830_NEW,False,
C_需人工复核,未在主营/新战略业务中找到新材料直接证据；当前主要依赖锂电池,cn,688388,嘉元科技,4,国家重点扶持产业,第二梯队：新兴支柱产业,新材料,主营/战略文本,公司主营业务为锂电铜箔,锂电铜箔、标准铜箔,,电力设备,电池,锂电池,2026-08-30复核：生产主营业务“锂电铜箔、标准铜箔”命中“锂电铜箔”；归入新材料,20260830_NEW,False,
D_确认需修正,主营显示材料和医药中间体，不是集成电路材料,cn,688550,瑞联新材,4,国家重点扶持产业,第三梯队：卡脖子底座,集成电路材料,主营+行业映射,公司主营业务为显示材料,显示材料、医药中间体,,电子,电子化学品,电子化学品Ⅲ,2026-08-30复核：生产主营“显示材料、医药中间体”，行业分类“电子/电子化学品/电子化学品Ⅲ”；归入集成电路材料,20260830_NEW,False,
C_需人工复核,未在主营/新战略业务中找到新型显示直接证据；当前主要依赖激光设备,cn,688559,海目星,4,国家重点扶持产业,第二梯队：新兴支柱产业,新型显示,主营/战略文本,公司主营业务为动力电池激光及自动化设备,动力电池激光及自动化设备、3C消费类电子激光及自动化设备、钣金激光切割设备、光伏行业激光及自动化设备、新型显示行业激光及自动化设备,,机械设备,自动化设备,激光设备,2026-08-30复核：生产主营业务“动力电池激光及自动化设备、3C消费类电子激光及自动化设备、钣金激光切割设备、光伏行业激光及自动化设备、新型显示行业激光及自动化设备”命中“新型显示”；归入新型显示,20260830_NEW,False,
C_需人工复核,未在主营/新战略业务中找到高端装备直接证据；当前主要依赖轨交设备Ⅲ,cn,688569,铁科轨道,4,国家重点扶持产业,第二梯队：新兴支柱产业,高端装备,主营+行业映射,公司主营业务为轨道扣件,轨道扣件、预应力钢丝及锚固板、铁路桥梁支座、工程材料、轨道部件加工服务,,机械设备,轨交设备,轨交设备Ⅲ,2026-08-30复核：生产主营“轨道扣件、预应力钢丝及锚固板、铁路桥梁支座、工程材料、轨道部件加工服务”，行业分类“机械设备/轨交设备/轨交设备Ⅲ”；归入高端装备,20260830_NEW,False,
C_需人工复核,未在主营/新战略业务中找到高端医疗器械直接证据；当前主要依赖医疗耗材,cn,688576,西山科技,4,国家重点扶持产业,第二梯队：新兴支柱产业,高端医疗器械,主营+行业映射,公司主营业务为手术动力装置,手术动力装置、其中：整机、耗材、配件,,医药生物,医疗器械,医疗耗材,2026-08-30复核：生产主营“手术动力装置、其中：整机、耗材、配件”，行业分类“医药生物/医疗器械/医疗耗材”；归入高端医疗器械,20260830_NEW,False,
C_需人工复核,未在主营/新战略业务中找到高端医疗器械直接证据；当前主要依赖医疗耗材,cn,688581,安杰思,4,国家重点扶持产业,第二梯队：新兴支柱产业,高端医疗器械,主营+行业映射,公司主营业务为GI类,GI类、EMR/ESD类、ERCP类、仪器类,,医药生物,医疗器械,医疗耗材,2026-08-30复核：生产主营“GI类、EMR/ESD类、ERCP类、仪器类”，行业分类“医药生物/医疗器械/医疗耗材”；归入高端医疗器械,20260830_NEW,False,
D_确认需修正,主营PCB沉铜/电镀化学品，不是集成电路材料,cn,688603,天承科技,4,国家重点扶持产业,第三梯队：卡脖子底座,集成电路材料,主营+行业映射,公司主营业务为沉铜电镀专用化学品,沉铜电镀专用化学品、垂直沉铜专用化学品、水平沉铜专用化学品、电镀专用化学品、铜面处理专用化学品,,电子,电子化学品,电子化学品Ⅲ,2026-08-30复核：生产主营“沉铜电镀专用化学品、垂直沉铜专用化学品、水平沉铜专用化学品、电镀专用化学品、铜面处理专用化学品”，行业分类“电子/电子化学品/电子化学品Ⅲ”；归入集成电路材料,20260830_NEW,False,
C_需人工复核,未在主营/新战略业务中找到高端医疗器械直接证据；当前主要依赖医疗耗材,cn,688613,奥精医疗,4,国家重点扶持产业,第二梯队：新兴支柱产业,高端医疗器械,主营+行业映射,公司主营业务为骼金,骼金、颅瑞、齿贝、BonGold、口腔种植体,,医药生物,医疗器械,医疗耗材,2026-08-30复核：生产主营“骼金、颅瑞、齿贝、BonGold、口腔种植体”，行业分类“医药生物/医疗器械/医疗耗材”；归入高端医疗器械,20260830_NEW,False,
C_需人工复核,未在主营/新战略业务中找到高端医疗器械直接证据；当前主要依赖医疗耗材,cn,688617,惠泰医疗,4,国家重点扶持产业,第二梯队：新兴支柱产业,高端医疗器械,主营+行业映射,公司主营业务为冠脉通路类,电生理、冠脉通路类、外周介入类、非血管介入类、OEM,,医药生物,医疗器械,医疗耗材,2026-08-30复核：生产主营“电生理、冠脉通路类、外周介入类、非血管介入类、OEM”，行业分类“医药生物/医疗器械/医疗耗材”；归入高端医疗器械,20260830_NEW,False,
C_需人工复核,未在主营/新战略业务中找到关键电子元器件直接证据；当前主要依赖消费电子零部件及组装,cn,688678,福立旺,4,国家重点扶持产业,第二梯队：新兴支柱产业,关键电子元器件,主营+行业映射,公司主营业务为3C精密零部件,3C精密零部件、汽车精密零部件、电动工具零部件、金刚线母线及黄铜丝、一般精密零部件,,电子,消费电子,消费电子零部件及组装,2026-08-30复核：生产主营“3C精密零部件、汽车精密零部件、电动工具零部件、金刚线母线及黄铜丝、一般精密零部件”，行业分类“电子/消费电子/消费电子零部件及组装”；归入关键电子元器件,20260830_NEW,False,
D_确认需修正,主营功能胶膜及电池箔，缺少集成电路材料主营证据,cn,688683,莱尔科技,4,国家重点扶持产业,第三梯队：卡脖子底座,集成电路材料,主营+行业映射,公司主营业务为功能胶膜类材料,功能胶膜类材料、功能胶膜类应用产品、电池箔,,电子,电子化学品,电子化学品Ⅲ,2026-08-30复核：生产主营“功能胶膜类材料、功能胶膜类应用产品、电池箔”，行业分类“电子/电子化学品/电子化学品Ⅲ”；归入集成电路材料,20260830_NEW,False,
C_需人工复核,未在主营/新战略业务中找到先进材料直接证据；当前主要依赖原料药,cn,688690,纳微科技,4,国家重点扶持产业,第三梯队：卡脖子底座,先进材料,旧批次人工复核,公司主营业务为色谱填料和层析介质产品,色谱填料和层析介质产品、色谱分析仪器及配件、蛋白层析系统及配件、液相色谱柱及样品前处理产品、IVD用核心微球产品、光电领域用微球产品、分离纯化技术服务,,医药生物,化学制药,原料药,Codex复核：结合主营业务将候选结果调整为先进材料,PREEXISTING,False,
C_需人工复核,未在主营/新战略业务中找到集成电路材料直接证据；当前主要依赖旧批次人工复核,hk,08490,骏码半导体,4,国家重点扶持产业,第三梯队：卡脖子底座,集成电路材料,旧批次人工复核,公司主营业务为鍵合線,鍵合線、封裝膠,,,,,Codex复核：结合主营业务将候选结果调整为集成电路材料,PREEXISTING,False,
