name,code,date,title,link
"輕鬆健康","02661","2026-07-17","盈利警告","https://www1.hkexnews.hk/listedco/listconews/sehk/2026/0717/2026071701544_c.pdf"
"越秀地產","00123","2026-07-17","內幕消息 - 盈利警告","https://www1.hkexnews.hk/listedco/listconews/sehk/2026/0717/2026071701516_c.pdf"
"陽光紙業","02002","2026-07-17","盈利警告","https://www1.hkexnews.hk/listedco/listconews/sehk/2026/0717/2026071701472_c.pdf"
"TRAD CHI MED","00570","2026-07-17","INSIDE INFORMATION
PROFIT WARNING","https://www1.hkexnews.hk/listedco/listconews/sehk/2026/0717/2026071701453.pdf"
"燕之屋","01497","2026-07-17","正面盈利預告","https://www1.hkexnews.hk/listedco/listconews/sehk/2026/0717/2026071701452_c.pdf"
"梧桐國際","00613","2026-07-17","亮麗正面盈利預告","https://www1.hkexnews.hk/listedco/listconews/sehk/2026/0717/2026071701172_c.pdf"
"億勝生物科技","01061","2026-07-17","盈利警告","https://www1.hkexnews.hk/listedco/listconews/sehk/2026/0717/2026071701002_c.pdf"
"信義光能","00968","2026-07-17","截至二零二六年六月三十日止六個月負面盈利預告","https://www1.hkexnews.hk/listedco/listconews/sehk/2026/0717/2026071700958_c.pdf"
"CR BLDG MAT TEC","01313","2026-07-17","INSIDE INFORMATION - PROFIT WARNING","https://www1.hkexnews.hk/listedco/listconews/sehk/2026/0717/2026071700596.pdf"
"信義能源","03868","2026-07-17","截至二零二六年六月三十日止六個月的盈利警告","https://www1.hkexnews.hk/listedco/listconews/sehk/2026/0717/2026071700587_c.pdf"
"巨騰國際","03336","2026-07-17","盈利警告及有關收購守則規則10之公告","https://www1.hkexnews.hk/listedco/listconews/sehk/2026/0717/2026071700479_c.pdf"
"亞洲水泥（中國）","00743","2026-07-17","截至二零二六年六月三十日止六個月之
盈利警告","https://www1.hkexnews.hk/listedco/listconews/sehk/2026/0717/2026071700361_c.pdf"
"TEXHONG INTL GP","02678","2026-07-17","POSITIVE PROFIT ALERT","https://www1.hkexnews.hk/listedco/listconews/sehk/2026/0717/2026071700352.pdf"
"晶門半導體","02878","2026-07-17","盈利警告","https://www1.hkexnews.hk/listedco/listconews/sehk/2026/0717/2026071700347_c.pdf"
"雋思集團","01412","2026-07-17","盈利警告","https://www1.hkexnews.hk/listedco/listconews/sehk/2026/0717/2026071700333_c.pdf"
"TE HEALTHCARE","06877","2026-07-17","INSIDE INFORMATION
POSITIVE PROFIT ALERT AND LITIGATION UPDATE","https://www1.hkexnews.hk/listedco/listconews/sehk/2026/0717/2026071700330.pdf"
"蜆壳電業","02381","2026-07-16","盈利警告","https://www1.hkexnews.hk/listedco/listconews/sehk/2026/0716/2026071601278_c.pdf"
"卡羅特","02549","2026-07-16","內幕消息 - 正面盈利預告","https://www1.hkexnews.hk/listedco/listconews/sehk/2026/0716/2026071601182_c.pdf"
"嘀嗒出行","02559","2026-07-16","盈利警告","https://www1.hkexnews.hk/listedco/listconews/sehk/2026/0716/2026071601142_c.pdf"
"祈福生活服務","03686","2026-07-16","盈利警告","https://www1.hkexnews.hk/listedco/listconews/sehk/2026/0716/2026071601066_c.pdf"
"ENM HOLDINGS","00128","2026-07-16","INSIDE INFORMATION - PROFIT WARNING","https://www1.hkexnews.hk/listedco/listconews/sehk/2026/0716/2026071601043.pdf"
"紛美包裝","00468","2026-07-16","內幕消息
盈利警告","https://www1.hkexnews.hk/listedco/listconews/sehk/2026/0716/2026071600917_c.pdf"
"珠江船務","00560","2026-07-16","正面盈利預告","https://www1.hkexnews.hk/listedco/listconews/sehk/2026/0716/2026071600584_c.pdf"
"泉峰控股","02285","2026-07-16","正面盈利預告","https://www1.hkexnews.hk/listedco/listconews/sehk/2026/0716/2026071600368_c.pdf"
"康諾亞－Ｂ","02162","2026-07-15","內幕消息公告 - (1) 2026年上半年產品收入的最新消息及(2)正面盈利預告","https://www1.hkexnews.hk/listedco/listconews/sehk/2026/0715/2026071501529_c.pdf"
"邁富時","02556","2026-07-15","內幕消息
盈利預告","https://www1.hkexnews.hk/listedco/listconews/sehk/2026/0715/2026071501420_c.pdf"
"雙登股份","06960","2026-07-15","盈利警告","https://www1.hkexnews.hk/listedco/listconews/sehk/2026/0715/2026071501418_c.pdf"
"DEKON AGR","02419","2026-07-15","INSIDE INFORMATION
PROFIT ALERT","https://www1.hkexnews.hk/listedco/listconews/sehk/2026/0715/2026071501131.pdf"
"ZHONGTAIFUTURES","01461","2026-07-15","POSITIVE PROFIT ALERT","https://www1.hkexnews.hk/listedco/listconews/sehk/2026/0715/2026071501057.pdf"
"信達國際控股","00111","2026-07-15","盈利預告","https://www1.hkexnews.hk/listedco/listconews/sehk/2026/0715/2026071500609_c.pdf"
"金邦達寶嘉","03315","2026-07-15","盈利警告","https://www1.hkexnews.hk/listedco/listconews/sehk/2026/0715/2026071500319_c.pdf"
"AIR CHINA","00753","2026-07-14","PROFIT WARNING","https://www1.hkexnews.hk/listedco/listconews/sehk/2026/0714/2026071401316.pdf"
"SCHOLAR EDU","01769","2026-07-14","PROFIT WARNING","https://www1.hkexnews.hk/listedco/listconews/sehk/2026/0714/2026071401152.pdf"
"贛鋒鋰業","01772","2026-07-14","內幕消息 - 正面盈利預告","https://www1.hkexnews.hk/listedco/listconews/sehk/2026/0714/2026071401141_c.pdf"
"埃斯頓","02715","2026-07-14","正面盈利預告","https://www1.hkexnews.hk/listedco/listconews/sehk/2026/0714/2026071401133_c.pdf"
"CHIFENG GOLD","06693","2026-07-14","ANNOUNCEMENT ON THE ESTIMATED POSITIVE
PROFIT ALERT FOR THE INTERIM RESULT OF 2026","https://www1.hkexnews.hk/listedco/listconews/sehk/2026/0714/2026071401118.pdf"
"紅星美凱龍","01528","2026-07-14","正面盈利預告","https://www1.hkexnews.hk/listedco/listconews/sehk/2026/0714/2026071401111_c.pdf"
"弘業期貨","03678","2026-07-14","盈喜預告","https://www1.hkexnews.hk/listedco/listconews/sehk/2026/0714/2026071401087_c.pdf"
"國民技術","02701","2026-07-14","正面盈利預告","https://www1.hkexnews.hk/listedco/listconews/sehk/2026/0714/2026071401079_c.pdf"
"長飛光纖光纜","06869","2026-07-14","正面盈利預告","https://www1.hkexnews.hk/listedco/listconews/sehk/2026/0714/2026071401067_c.pdf"
"CNBM","03323","2026-07-14","PROFIT ALERT","https://www1.hkexnews.hk/listedco/listconews/sehk/2026/0714/2026071401036.pdf"
"BBMG","02009","2026-07-14","PROFIT WARNING ANNOUNCEMENT OF 2026 INTERIM RESULTS","https://www1.hkexnews.hk/listedco/listconews/sehk/2026/0714/2026071400968.pdf"
"SHANGHAI PECHEM","00338","2026-07-14","POSITIVE PROFIT WARNING
ANNOUNCEMENT ON ESTIMATED POSITIVE PROFIT
IN INTERIM RESULTS OF 2026","https://www1.hkexnews.hk/listedco/listconews/sehk/2026/0714/2026071400940.pdf"
"中國有色礦業","01258","2026-07-14","正面盈利預告","https://www1.hkexnews.hk/listedco/listconews/sehk/2026/0714/2026071400843_c.pdf"
"YANKUANG ENERGY","01171","2026-07-14","INSIDE INFORMATION POSITIVE PROFIT ALERT ANNOUNCEMENT FOR THE FIRST HALF OF 2026","https://www1.hkexnews.hk/listedco/listconews/sehk/2026/0714/2026071400703.pdf"
"中國創新投資","01217","2026-07-14","盈利警告","https://www1.hkexnews.hk/listedco/listconews/sehk/2026/0714/2026071400392_c.pdf"
"自動系統","00771","2026-07-14","盈利警告","https://www1.hkexnews.hk/listedco/listconews/sehk/2026/0714/2026071400324_c.pdf"
"福萊特玻璃","06865","2026-07-14","盈利警告","https://www1.hkexnews.hk/listedco/listconews/sehk/2026/0714/2026071400278_c.pdf"
"S.A.S. DRAGON","01184","2026-07-14","正面盈利預告","https://www1.hkexnews.hk/listedco/listconews/sehk/2026/0714/2026071400195_c.pdf"
"賽晶科技","00580","2026-07-13","盈利警告","https://www1.hkexnews.hk/listedco/listconews/sehk/2026/0713/2026071301096_c.pdf"
"鞍鋼股份","00347","2026-07-13","盈利警告","https://www1.hkexnews.hk/listedco/listconews/sehk/2026/0713/2026071301064_c.pdf"
"華勤技術","03296","2026-07-13","正面盈利預告","https://www1.hkexnews.hk/listedco/listconews/sehk/2026/0713/2026071300926_c.pdf"
"中國三江化工","02198","2026-07-13","正面盈利預告","https://www1.hkexnews.hk/listedco/listconews/sehk/2026/0713/2026071300864_c.pdf"
"靈寶黃金","03330","2026-07-13","正面盈利預告","https://www1.hkexnews.hk/listedco/listconews/sehk/2026/0713/2026071300862_c.pdf"
"澳亞集團","02425","2026-07-13","正面盈利預告","https://www1.hkexnews.hk/listedco/listconews/sehk/2026/0713/2026071300613_c.pdf"
"載通","00062","2026-07-13","盈利警告","https://www1.hkexnews.hk/listedco/listconews/sehk/2026/0713/2026071300363_c.pdf"
"洛陽鉬業","03993","2026-07-10","內幕消息 - 正面盈利預告","https://www1.hkexnews.hk/listedco/listconews/sehk/2026/0710/2026071001422_c.pdf"
"八馬茶業","06980","2026-07-10","正面盈利預告","https://www1.hkexnews.hk/listedco/listconews/sehk/2026/0710/2026071001394_c.pdf"
"佳鑫國際資源","03858","2026-07-10","正面盈利預告","https://www1.hkexnews.hk/listedco/listconews/sehk/2026/0710/2026071001384_c.pdf"
"CHINA VANKE","02202","2026-07-10","PROFIT ALERT","https://www1.hkexnews.hk/listedco/listconews/sehk/2026/0710/2026071001165.pdf"
"中國宏橋","01378","2026-07-10","正面盈利預告","https://www1.hkexnews.hk/listedco/listconews/sehk/2026/0710/2026071001040_c.pdf"
"天寶集團","01979","2026-07-10","盈利警告","https://www1.hkexnews.hk/listedco/listconews/sehk/2026/0710/2026071000751_c.pdf"
"嬴集團","00397","2026-07-10","盈利警告","https://www1.hkexnews.hk/listedco/listconews/sehk/2026/0710/2026071000707_c.pdf"
"GPIXEL","03277","2026-07-10","POSITIVE PROFIT ALERT","https://www1.hkexnews.hk/listedco/listconews/sehk/2026/0710/2026071000558.pdf"
"高陽科技","00818","2026-06-30","截至二零二六年六月三十日止六個月盈利警告","https://www1.hkexnews.hk/listedco/listconews/sehk/2026/0630/2026063001698_c.pdf"
"百富環球","00327","2026-06-30","盈利預告","https://www1.hkexnews.hk/listedco/listconews/sehk/2026/0630/2026063001619_c.pdf"
"英達公路再生科技","06888","2026-06-30","盈利警告","https://www1.hkexnews.hk/listedco/listconews/sehk/2026/0630/2026063001346_c.pdf"
"綠色經濟","01315","2026-06-26","盈利警告","https://www1.hkexnews.hk/listedco/listconews/sehk/2026/0626/2026062600969_c.pdf"
"瑩嵐集團","01162","2026-06-26","盈利預告","https://www1.hkexnews.hk/listedco/listconews/sehk/2026/0626/2026062600756_c.pdf"
"中國資源交通","00269","2026-06-26","盈利預告","https://www1.hkexnews.hk/listedco/listconews/sehk/2026/0626/2026062600613_c.pdf"
"CHINA WEAVING","03778","2026-06-26","PROFIT ALERT","https://www1.hkexnews.hk/listedco/listconews/sehk/2026/0626/2026062600409.pdf"
"萬景控股","02193","2026-05-29","正面盈利預告","https://www1.hkexnews.hk/listedco/listconews/sehk/2026/0529/2026052901654_c.pdf"